payment_id,customer_id,amount,payment_method,failure_reason,retry_attempts,prior_failures,hours_since_failure,customer_txn_frequency_90d,event_timestamp,true_recovery_probability,recovered
P100000,C54,949.58,NETBANKING,REPEATED_DECLINE,3,0,29.1,22,2026-03-10T12:00:00,0.1347,1
P100001,C504,7842.69,WALLET,NETWORK_FAILURE,1,2,1.8,26,2026-01-06T17:00:00,0.8003,1
P100002,C99,1409.48,EMI,EXPIRED_PAYMENT_METHOD,3,1,9.1,15,2026-01-04T22:00:00,0.373,0
P100003,C553,1906.35,CARD,INSUFFICIENT_FUNDS,2,1,6.9,20,2026-02-12T19:00:00,0.354,0
P100004,C564,5417.93,NETBANKING,REPEATED_DECLINE,1,1,6.4,19,2026-01-13T13:00:00,0.2543,1
P100005,C478,5969.49,UPI,REPEATED_DECLINE,3,1,7.2,8,2026-01-11T07:00:00,0.0707,0
P100006,C513,2062.4,UPI,NETWORK_FAILURE,2,1,0.9,11,2026-02-09T07:00:00,0.8886,1
P100007,C595,856.95,CARD,INSUFFICIENT_FUNDS,3,0,16.4,4,2026-02-20T03:00:00,0.3227,0
P100008,C246,4926.84,CARD,BANK_TECHNICAL_FAILURE,1,0,34.3,21,2026-02-11T13:00:00,0.8824,1
P100009,C562,4871.63,CARD,INSUFFICIENT_FUNDS,0,1,6.1,28,2026-01-08T21:00:00,0.3742,0
P100010,C220,1101.0,CARD,UNKNOWN,3,2,7.6,3,2026-01-09T16:00:00,0.1929,0
P100011,C422,4807.18,UPI,BANK_TECHNICAL_FAILURE,0,3,3.4,5,2026-02-22T13:00:00,0.7709,1
P100012,C454,3797.11,UPI,INSUFFICIENT_FUNDS,1,0,0.9,6,2026-02-22T21:00:00,0.3188,0
P100013,C593,655.66,UPI,BANK_TECHNICAL_FAILURE,2,3,19.7,20,2026-02-14T03:00:00,0.8632,1
P100014,C325,4001.73,CARD,CUSTOMER_ABANDONMENT,1,1,31.8,1,2026-03-22T15:00:00,0.2373,0
P100015,C190,1745.96,CARD,NETWORK_FAILURE,0,2,26.9,29,2026-01-21T17:00:00,0.7828,1
P100016,C328,1207.7,NETBANKING,INSUFFICIENT_FUNDS,1,1,42.7,27,2026-01-24T00:00:00,0.2976,1
P100017,C320,774.2,EMI,EXPIRED_PAYMENT_METHOD,0,4,45.1,10,2026-03-01T13:00:00,0.3585,1
P100018,C442,3646.63,WALLET,INSUFFICIENT_FUNDS,2,0,21.0,26,2026-01-14T19:00:00,0.3093,0
P100019,C432,13987.51,CARD,REPEATED_DECLINE,3,2,0.2,6,2026-01-21T16:00:00,0.1272,0
P100020,C581,2825.41,UPI,NETWORK_FAILURE,0,0,34.7,1,2026-03-06T09:00:00,0.6939,1
P100021,C260,5101.89,CARD,INSUFFICIENT_FUNDS,0,3,28.0,15,2026-01-03T05:00:00,0.4594,0
P100022,C504,3292.95,CARD,UNKNOWN,0,3,86.1,25,2026-01-02T14:00:00,0.3865,0
P100023,C151,280.9,UPI,NETWORK_FAILURE,3,2,10.0,27,2026-02-08T07:00:00,0.7625,0
P100024,C165,31013.31,CARD,REPEATED_DECLINE,1,1,1.2,14,2026-02-23T11:00:00,0.3273,0
P100025,C191,2276.04,WALLET,BANK_TECHNICAL_FAILURE,1,0,4.0,14,2026-01-11T09:00:00,0.8009,1
P100026,C117,1618.31,UPI,REPEATED_DECLINE,0,1,3.6,22,2026-03-20T18:00:00,0.2723,1
P100027,C296,65873.55,CARD,NETWORK_FAILURE,0,1,7.2,27,2026-02-17T03:00:00,0.791,0
P100028,C64,5055.12,CARD,EXPIRED_PAYMENT_METHOD,0,5,3.9,24,2026-02-18T05:00:00,0.4622,0
P100029,C500,2297.24,UPI,INSUFFICIENT_FUNDS,1,0,8.4,5,2026-02-07T12:00:00,0.5082,1
P100030,C303,2076.88,CARD,REPEATED_DECLINE,1,0,23.3,20,2026-03-24T11:00:00,0.4586,1
P100031,C276,20299.02,UPI,REPEATED_DECLINE,2,2,26.1,2,2026-01-19T05:00:00,0.2126,0
P100032,C551,10811.57,CARD,REPEATED_DECLINE,0,0,31.0,21,2026-01-13T08:00:00,0.2562,0
P100033,C244,6010.64,UPI,UNKNOWN,2,0,54.8,2,2026-01-09T13:00:00,0.315,0
P100034,C5,239.75,UPI,REPEATED_DECLINE,2,2,13.4,25,2026-01-11T18:00:00,0.1235,1
P100035,C293,7564.66,UPI,NETWORK_FAILURE,2,1,52.2,19,2026-01-25T08:00:00,0.7509,1
P100036,C188,4544.77,WALLET,CUSTOMER_ABANDONMENT,0,1,26.9,28,2026-03-26T06:00:00,0.2962,0
P100037,C84,12859.74,UPI,UNKNOWN,1,0,21.7,26,2026-02-27T08:00:00,0.2597,0
P100038,C20,3356.55,UPI,EXPIRED_PAYMENT_METHOD,2,0,56.3,10,2026-02-09T19:00:00,0.4252,0
P100039,C443,630.15,EMI,EXPIRED_PAYMENT_METHOD,3,0,28.4,2,2026-01-10T13:00:00,0.2711,1
P100040,C408,5340.48,CARD,BANK_TECHNICAL_FAILURE,3,1,77.7,9,2026-03-01T01:00:00,0.6187,1
P100041,C94,332.83,NETBANKING,INSUFFICIENT_FUNDS,0,1,31.2,29,2026-03-25T12:00:00,0.3958,0
P100042,C492,2762.66,CARD,CUSTOMER_ABANDONMENT,3,3,22.0,2,2026-01-18T08:00:00,0.1214,0
P100043,C314,651.71,CARD,NETWORK_FAILURE,3,0,85.5,14,2026-03-05T20:00:00,0.7843,1
P100044,C462,918.99,UPI,REPEATED_DECLINE,0,2,64.7,16,2026-01-28T02:00:00,0.1919,0
P100045,C155,10158.35,CARD,CUSTOMER_ABANDONMENT,2,1,1.2,29,2026-01-13T01:00:00,0.3328,1
P100046,C369,4300.03,UPI,CUSTOMER_ABANDONMENT,1,1,19.4,18,2026-01-29T12:00:00,0.3133,0
P100047,C286,10062.72,UPI,NETWORK_FAILURE,1,2,1.7,8,2026-03-12T20:00:00,0.8151,1
P100048,C318,51919.05,UPI,REPEATED_DECLINE,2,3,82.9,8,2026-01-29T07:00:00,0.02,0
P100049,C25,6199.0,NETBANKING,BANK_TECHNICAL_FAILURE,0,0,18.3,15,2026-01-16T13:00:00,0.9248,1
P100050,C541,333.65,NETBANKING,INSUFFICIENT_FUNDS,0,0,45.4,20,2026-01-11T18:00:00,0.1628,0
P100051,C46,4809.62,CARD,REPEATED_DECLINE,3,1,35.3,10,2026-01-01T23:00:00,0.2033,0
P100052,C280,1397.99,NETBANKING,UNKNOWN,0,3,11.2,25,2026-02-05T07:00:00,0.4064,0
P100053,C25,16667.06,CARD,INSUFFICIENT_FUNDS,1,1,11.4,6,2026-01-27T06:00:00,0.3069,0
P100054,C434,1254.86,CARD,EXPIRED_PAYMENT_METHOD,1,2,11.9,18,2026-01-06T05:00:00,0.3993,0
P100055,C528,4553.0,UPI,REPEATED_DECLINE,1,3,38.9,12,2026-01-31T15:00:00,0.1889,0
P100056,C598,3153.46,CARD,INSUFFICIENT_FUNDS,3,0,1.1,18,2026-03-25T11:00:00,0.4539,1
P100057,C86,2766.18,CARD,REPEATED_DECLINE,2,3,14.1,19,2026-03-23T07:00:00,0.0372,0
P100058,C374,916.58,CARD,REPEATED_DECLINE,3,1,36.9,13,2026-03-29T06:00:00,0.1422,0
P100059,C493,484.47,CARD,REPEATED_DECLINE,2,2,31.0,8,2026-02-07T01:00:00,0.1038,1
P100060,C133,1479.89,WALLET,EXPIRED_PAYMENT_METHOD,2,0,35.3,28,2026-01-05T09:00:00,0.3073,0
P100061,C457,4870.51,NETBANKING,REPEATED_DECLINE,2,1,2.9,3,2026-02-25T23:00:00,0.0347,1
P100062,C571,1507.74,CARD,CUSTOMER_ABANDONMENT,2,2,28.1,16,2026-02-01T07:00:00,0.5039,1
P100063,C426,2118.51,CARD,EXPIRED_PAYMENT_METHOD,2,0,0.3,20,2026-01-31T18:00:00,0.3704,0
P100064,C320,3601.68,CARD,BANK_TECHNICAL_FAILURE,3,3,8.2,15,2026-03-24T09:00:00,0.9478,1
P100065,C62,885.26,CARD,BANK_TECHNICAL_FAILURE,1,1,7.8,14,2026-02-07T20:00:00,0.7646,1
P100066,C302,2045.56,NETBANKING,INSUFFICIENT_FUNDS,2,1,27.2,29,2026-03-08T19:00:00,0.3828,0
P100067,C15,700.28,CARD,BANK_TECHNICAL_FAILURE,1,1,1.9,8,2026-03-13T06:00:00,0.7866,1
P100068,C516,11812.31,UPI,REPEATED_DECLINE,1,2,12.7,10,2026-01-10T04:00:00,0.1433,0
P100069,C467,2274.83,CARD,UNKNOWN,2,0,2.1,2,2026-01-23T03:00:00,0.2129,0
P100070,C159,10140.19,CARD,BANK_TECHNICAL_FAILURE,2,1,33.7,14,2026-01-19T15:00:00,0.9147,1
P100071,C139,2936.54,CARD,EXPIRED_PAYMENT_METHOD,1,0,9.5,8,2026-02-14T01:00:00,0.2949,0
P100072,C331,968.25,CARD,INSUFFICIENT_FUNDS,3,0,46.4,26,2026-03-03T11:00:00,0.5269,1
P100073,C148,850.5,UPI,REPEATED_DECLINE,3,0,1.8,10,2026-01-13T10:00:00,0.1823,1
P100074,C559,7242.41,CARD,NETWORK_FAILURE,0,0,38.2,7,2026-02-23T02:00:00,0.6512,1
P100075,C169,21533.26,CARD,REPEATED_DECLINE,3,1,40.0,17,2026-02-10T21:00:00,0.4039,0
P100076,C48,1082.54,CARD,REPEATED_DECLINE,1,1,10.0,19,2026-01-29T14:00:00,0.351,1
P100077,C441,3268.16,CARD,REPEATED_DECLINE,1,2,59.7,5,2026-02-23T10:00:00,0.181,1
P100078,C402,4613.26,UPI,UNKNOWN,2,0,0.7,17,2026-03-31T09:00:00,0.4615,1
P100079,C344,3129.52,UPI,NETWORK_FAILURE,3,0,1.6,13,2026-02-23T12:00:00,0.8509,1
P100080,C586,2604.63,UPI,INSUFFICIENT_FUNDS,3,1,46.7,6,2026-02-19T19:00:00,0.3176,0
P100081,C320,9996.37,UPI,UNKNOWN,2,1,0.4,2,2026-03-13T15:00:00,0.2902,0
P100082,C563,4198.99,CARD,REPEATED_DECLINE,0,0,28.9,8,2026-01-17T01:00:00,0.365,0
P100083,C590,830.24,UPI,REPEATED_DECLINE,3,2,43.7,19,2026-03-07T19:00:00,0.2517,0
P100084,C267,1962.97,NETBANKING,REPEATED_DECLINE,0,0,13.8,13,2026-03-08T22:00:00,0.2231,0
P100085,C592,20518.05,NETBANKING,INSUFFICIENT_FUNDS,1,1,3.6,12,2026-02-06T19:00:00,0.4275,0
P100086,C303,8098.72,CARD,INSUFFICIENT_FUNDS,1,0,9.4,9,2026-03-03T14:00:00,0.215,0
P100087,C436,610.01,UPI,EXPIRED_PAYMENT_METHOD,0,0,1.3,29,2026-01-17T17:00:00,0.5174,1
P100088,C273,4051.13,UPI,UNKNOWN,1,2,18.6,4,2026-01-27T12:00:00,0.2717,0
P100089,C463,8454.17,EMI,UNKNOWN,3,0,3.5,28,2026-01-28T09:00:00,0.2255,1
P100090,C490,1192.32,UPI,BANK_TECHNICAL_FAILURE,3,0,4.4,4,2026-03-18T16:00:00,0.7059,0
P100091,C444,550.48,CARD,REPEATED_DECLINE,1,1,26.3,12,2026-01-11T20:00:00,0.282,1
P100092,C231,912.45,CARD,CUSTOMER_ABANDONMENT,1,1,15.6,4,2026-03-18T14:00:00,0.3649,0
P100093,C432,376.58,CARD,UNKNOWN,0,3,6.6,12,2026-02-18T06:00:00,0.3714,1
P100094,C216,4881.25,UPI,UNKNOWN,0,0,12.0,28,2026-01-19T16:00:00,0.443,1
P100095,C228,3762.24,CARD,NETWORK_FAILURE,0,1,7.9,20,2026-01-17T20:00:00,0.6456,0
P100096,C490,447.73,CARD,UNKNOWN,2,1,3.1,2,2026-03-13T12:00:00,0.4494,0
P100097,C382,17651.25,WALLET,CUSTOMER_ABANDONMENT,3,1,86.1,26,2026-01-06T14:00:00,0.1639,1
P100098,C261,2652.35,CARD,UNKNOWN,0,1,17.5,9,2026-03-01T09:00:00,0.2167,0
P100099,C368,553.47,CARD,NETWORK_FAILURE,3,1,14.5,9,2026-03-22T07:00:00,0.6658,1
P100100,C104,15171.93,CARD,REPEATED_DECLINE,1,1,3.1,18,2026-02-15T19:00:00,0.3105,0
P100101,C114,1336.47,CARD,CUSTOMER_ABANDONMENT,2,0,16.0,10,2026-03-02T01:00:00,0.21,0
P100102,C183,766.4,CARD,REPEATED_DECLINE,0,1,12.5,5,2026-01-12T15:00:00,0.2081,1
P100103,C169,4332.34,WALLET,INSUFFICIENT_FUNDS,1,3,5.1,9,2026-02-26T07:00:00,0.2936,0
P100104,C312,1719.18,CARD,CUSTOMER_ABANDONMENT,1,2,58.7,25,2026-03-18T20:00:00,0.2536,0
P100105,C423,3334.63,CARD,INSUFFICIENT_FUNDS,1,7,14.5,21,2026-01-22T14:00:00,0.342,1
P100106,C183,4861.97,CARD,INSUFFICIENT_FUNDS,1,2,0.3,2,2026-01-31T06:00:00,0.3664,0
P100107,C141,2400.48,CARD,INSUFFICIENT_FUNDS,0,1,8.7,1,2026-02-08T01:00:00,0.6047,0
P100108,C174,3897.64,CARD,REPEATED_DECLINE,3,0,53.0,7,2026-03-01T17:00:00,0.0482,0
P100109,C345,2198.72,UPI,CUSTOMER_ABANDONMENT,0,4,0.9,20,2026-03-07T12:00:00,0.3979,1
P100110,C178,5857.68,CARD,NETWORK_FAILURE,1,1,26.2,27,2026-03-15T21:00:00,0.9543,1
P100111,C141,2210.91,UPI,EXPIRED_PAYMENT_METHOD,2,0,60.8,27,2026-01-09T15:00:00,0.4611,0
P100112,C169,4891.96,CARD,CUSTOMER_ABANDONMENT,0,1,18.4,22,2026-03-16T01:00:00,0.3721,1
P100113,C40,1114.73,UPI,REPEATED_DECLINE,3,0,31.0,16,2026-03-08T09:00:00,0.2649,0
P100114,C121,2993.43,UPI,INSUFFICIENT_FUNDS,2,0,5.5,19,2026-03-09T15:00:00,0.4952,1
P100115,C203,9144.87,NETBANKING,INSUFFICIENT_FUNDS,0,1,11.9,6,2026-02-10T09:00:00,0.2888,0
P100116,C571,201.15,CARD,INSUFFICIENT_FUNDS,3,1,35.7,1,2026-02-20T23:00:00,0.2211,0
P100117,C223,1895.19,CARD,NETWORK_FAILURE,2,1,22.2,8,2026-03-10T05:00:00,0.592,1
P100118,C95,4459.67,UPI,INSUFFICIENT_FUNDS,1,2,0.1,1,2026-01-20T02:00:00,0.3047,0
P100119,C467,2552.72,UPI,CUSTOMER_ABANDONMENT,0,1,2.4,14,2026-02-22T17:00:00,0.2818,0
P100120,C17,930.66,CARD,CUSTOMER_ABANDONMENT,0,0,11.3,19,2026-03-19T10:00:00,0.3461,0
P100121,C147,36673.0,CARD,NETWORK_FAILURE,0,0,84.1,1,2026-03-25T16:00:00,0.4879,1
P100122,C31,250.95,CARD,EXPIRED_PAYMENT_METHOD,0,4,27.7,2,2026-01-30T03:00:00,0.3239,0
P100123,C549,1628.63,EMI,CUSTOMER_ABANDONMENT,3,2,25.4,24,2026-02-22T15:00:00,0.1721,0
P100124,C130,16433.35,NETBANKING,NETWORK_FAILURE,0,1,4.6,24,2026-02-26T23:00:00,0.747,0
P100125,C438,536.29,UPI,NETWORK_FAILURE,1,2,25.5,29,2026-02-01T02:00:00,0.8269,1
P100126,C184,8948.76,CARD,INSUFFICIENT_FUNDS,0,2,12.1,29,2026-03-25T11:00:00,0.512,0
P100127,C595,14680.56,CARD,UNKNOWN,0,1,0.6,28,2026-03-03T05:00:00,0.4591,1
P100128,C202,273.78,UPI,CUSTOMER_ABANDONMENT,2,0,2.6,28,2026-01-30T18:00:00,0.3381,0
P100129,C510,3592.76,CARD,REPEATED_DECLINE,2,1,34.5,3,2026-03-28T17:00:00,0.1171,0
P100130,C558,3161.59,CARD,BANK_TECHNICAL_FAILURE,2,2,10.9,28,2026-02-03T07:00:00,0.8222,1
P100131,C528,1418.53,CARD,INSUFFICIENT_FUNDS,3,1,5.6,15,2026-02-11T17:00:00,0.4852,1
P100132,C376,2908.89,UPI,BANK_TECHNICAL_FAILURE,2,1,6.8,13,2026-01-13T13:00:00,0.9294,1
P100133,C112,7818.11,CARD,REPEATED_DECLINE,0,1,16.7,29,2026-03-20T10:00:00,0.3129,0
P100134,C81,4831.39,UPI,UNKNOWN,1,1,19.6,16,2026-01-28T03:00:00,0.3913,1
P100135,C187,719.77,CARD,BANK_TECHNICAL_FAILURE,3,1,7.8,3,2026-03-24T10:00:00,0.7072,1
P100136,C475,8167.7,EMI,INSUFFICIENT_FUNDS,1,0,6.1,6,2026-03-28T19:00:00,0.3763,0
P100137,C77,563.28,EMI,EXPIRED_PAYMENT_METHOD,2,1,44.9,9,2026-02-19T02:00:00,0.2842,0
P100138,C130,11483.16,UPI,CUSTOMER_ABANDONMENT,3,1,21.4,4,2026-01-09T01:00:00,0.1031,0
P100139,C434,1423.53,UPI,BANK_TECHNICAL_FAILURE,1,0,3.8,9,2026-03-29T19:00:00,0.8682,1
P100140,C398,632.2,CARD,BANK_TECHNICAL_FAILURE,3,0,4.9,5,2026-01-18T13:00:00,0.8156,0
P100141,C157,2952.26,CARD,REPEATED_DECLINE,2,3,7.3,14,2026-01-21T08:00:00,0.3096,0
P100142,C509,2347.37,UPI,INSUFFICIENT_FUNDS,1,1,79.2,5,2026-02-09T03:00:00,0.3237,0
P100143,C541,2212.72,CARD,BANK_TECHNICAL_FAILURE,0,1,14.4,28,2026-02-09T07:00:00,0.6936,1
P100144,C308,1434.99,CARD,NETWORK_FAILURE,1,0,55.3,18,2026-01-05T13:00:00,0.97,1
P100145,C297,1552.25,CARD,EXPIRED_PAYMENT_METHOD,3,2,17.7,6,2026-03-19T01:00:00,0.3273,0
P100146,C261,8597.76,EMI,INSUFFICIENT_FUNDS,2,2,34.5,15,2026-02-11T08:00:00,0.1858,0
P100147,C210,10275.81,UPI,REPEATED_DECLINE,0,1,1.2,3,2026-03-28T01:00:00,0.1987,1
P100148,C237,5539.42,NETBANKING,REPEATED_DECLINE,1,1,7.3,23,2026-02-13T01:00:00,0.2263,0
P100149,C149,2907.49,UPI,REPEATED_DECLINE,1,0,39.9,7,2026-03-12T09:00:00,0.128,0
P100150,C124,1598.91,CARD,INSUFFICIENT_FUNDS,1,0,5.6,10,2026-02-05T06:00:00,0.2014,0
P100151,C105,3448.11,CARD,CUSTOMER_ABANDONMENT,1,1,7.3,16,2026-03-10T16:00:00,0.2928,0
P100152,C377,354.96,EMI,NETWORK_FAILURE,2,3,3.2,21,2026-01-02T10:00:00,0.5092,1
P100153,C295,4189.48,UPI,EXPIRED_PAYMENT_METHOD,1,0,18.1,6,2026-03-13T08:00:00,0.285,0
P100154,C401,2237.27,CARD,CUSTOMER_ABANDONMENT,3,0,23.0,19,2026-03-26T11:00:00,0.1675,0
P100155,C369,4605.75,CARD,BANK_TECHNICAL_FAILURE,1,3,2.8,22,2026-01-16T18:00:00,0.9247,1
P100156,C552,3476.97,UPI,REPEATED_DECLINE,3,0,5.2,10,2026-03-28T19:00:00,0.173,0
P100157,C591,3064.51,UPI,REPEATED_DECLINE,1,2,0.1,17,2026-02-21T09:00:00,0.1029,1
P100158,C126,2519.14,NETBANKING,BANK_TECHNICAL_FAILURE,0,1,19.4,7,2026-01-17T23:00:00,0.6512,1
P100159,C261,632.09,UPI,REPEATED_DECLINE,1,2,20.7,3,2026-03-09T21:00:00,0.2706,0
P100160,C79,2114.15,UPI,INSUFFICIENT_FUNDS,0,3,22.7,4,2026-01-23T22:00:00,0.3463,0
P100161,C308,73546.2,NETBANKING,INSUFFICIENT_FUNDS,1,0,1.6,23,2026-02-27T12:00:00,0.4309,1
P100162,C236,10355.34,NETBANKING,INSUFFICIENT_FUNDS,3,0,49.8,16,2026-01-28T12:00:00,0.2435,0
P100163,C361,4069.91,WALLET,REPEATED_DECLINE,0,2,22.0,2,2026-03-15T20:00:00,0.02,0
P100164,C592,3161.51,UPI,NETWORK_FAILURE,0,2,1.5,23,2026-03-08T06:00:00,0.8291,1
P100165,C478,4570.24,EMI,REPEATED_DECLINE,0,3,19.2,3,2026-03-30T19:00:00,0.0343,0
P100166,C369,4064.93,UPI,INSUFFICIENT_FUNDS,3,2,65.7,7,2026-01-31T07:00:00,0.3491,0
P100167,C560,2189.31,CARD,REPEATED_DECLINE,3,1,2.6,14,2026-02-01T08:00:00,0.1969,1
P100168,C504,7788.18,CARD,REPEATED_DECLINE,1,0,13.3,7,2026-03-09T03:00:00,0.2343,1
P100169,C329,1785.86,CARD,INSUFFICIENT_FUNDS,2,0,89.0,13,2026-03-05T21:00:00,0.3513,0
P100170,C556,24178.0,CARD,NETWORK_FAILURE,2,0,13.8,25,2026-03-15T01:00:00,0.6579,1
P100171,C77,978.53,WALLET,UNKNOWN,0,1,10.5,4,2026-01-09T02:00:00,0.1182,1
P100172,C37,10301.97,CARD,EXPIRED_PAYMENT_METHOD,3,2,13.7,9,2026-02-27T11:00:00,0.3028,0
P100173,C249,8152.55,UPI,BANK_TECHNICAL_FAILURE,1,1,14.5,22,2026-01-23T04:00:00,0.9405,1
P100174,C571,1271.41,CARD,REPEATED_DECLINE,2,1,60.7,19,2026-03-23T21:00:00,0.2175,0
P100175,C149,5953.15,UPI,NETWORK_FAILURE,1,1,12.1,18,2026-03-02T17:00:00,0.7996,1
P100176,C451,2543.48,CARD,INSUFFICIENT_FUNDS,1,2,60.6,14,2026-02-19T02:00:00,0.4358,0
P100177,C324,10213.35,WALLET,CUSTOMER_ABANDONMENT,1,2,0.5,12,2026-02-16T09:00:00,0.0351,0
P100178,C201,11318.25,EMI,CUSTOMER_ABANDONMENT,1,0,13.0,5,2026-01-09T13:00:00,0.1694,0
P100179,C220,388.63,CARD,NETWORK_FAILURE,3,0,25.9,29,2026-01-16T01:00:00,0.8068,1
P100180,C237,1899.58,UPI,INSUFFICIENT_FUNDS,2,3,16.1,11,2026-01-23T12:00:00,0.3936,0
P100181,C450,8315.72,UPI,NETWORK_FAILURE,3,2,22.0,20,2026-03-16T22:00:00,0.8239,1
P100182,C145,1137.15,WALLET,REPEATED_DECLINE,3,0,10.0,19,2026-02-19T06:00:00,0.2063,0
P100183,C345,2242.67,UPI,INSUFFICIENT_FUNDS,2,1,1.6,16,2026-03-18T13:00:00,0.3152,1
P100184,C63,871.19,CARD,INSUFFICIENT_FUNDS,3,0,13.2,26,2026-01-25T18:00:00,0.4638,1
P100185,C553,2476.21,NETBANKING,BANK_TECHNICAL_FAILURE,2,1,22.2,12,2026-01-07T11:00:00,0.8519,0
P100186,C76,2368.62,WALLET,CUSTOMER_ABANDONMENT,0,0,4.4,24,2026-03-01T09:00:00,0.2507,0
P100187,C575,398.92,CARD,CUSTOMER_ABANDONMENT,3,1,3.0,4,2026-02-01T16:00:00,0.1535,1
P100188,C195,3997.44,UPI,REPEATED_DECLINE,1,2,36.8,19,2026-02-24T07:00:00,0.1075,1
P100189,C518,541.25,CARD,BANK_TECHNICAL_FAILURE,0,2,6.3,16,2026-01-02T14:00:00,0.9595,1
P100190,C306,3505.38,EMI,UNKNOWN,0,2,16.0,2,2026-02-25T05:00:00,0.02,0
P100191,C383,2102.71,UPI,BANK_TECHNICAL_FAILURE,2,2,21.9,16,2026-01-29T02:00:00,0.8034,1
P100192,C14,6671.97,CARD,CUSTOMER_ABANDONMENT,1,2,7.9,20,2026-02-04T00:00:00,0.237,0
P100193,C354,733.57,CARD,REPEATED_DECLINE,2,1,1.6,20,2026-03-02T16:00:00,0.1973,1
P100194,C249,3171.79,CARD,INSUFFICIENT_FUNDS,1,3,29.5,8,2026-02-28T13:00:00,0.2631,0
P100195,C413,2212.81,CARD,REPEATED_DECLINE,1,0,5.6,14,2026-01-13T13:00:00,0.2856,0
P100196,C325,2127.35,CARD,NETWORK_FAILURE,2,1,5.5,12,2026-01-02T05:00:00,0.946,1
P100197,C194,1609.22,CARD,CUSTOMER_ABANDONMENT,1,1,19.5,22,2026-02-01T00:00:00,0.2855,1
P100198,C59,5430.88,CARD,NETWORK_FAILURE,3,1,3.3,15,2026-02-26T21:00:00,0.7475,0
P100199,C442,1433.01,UPI,BANK_TECHNICAL_FAILURE,0,2,43.7,3,2026-03-17T20:00:00,0.8601,1
P100200,C91,6152.89,CARD,BANK_TECHNICAL_FAILURE,3,1,38.1,2,2026-01-09T03:00:00,0.7865,0
P100201,C438,1250.15,CARD,CUSTOMER_ABANDONMENT,2,2,28.4,26,2026-02-05T02:00:00,0.2618,0
P100202,C136,6157.54,CARD,INSUFFICIENT_FUNDS,0,0,9.2,14,2026-01-17T07:00:00,0.4205,1
P100203,C304,6161.29,UPI,CUSTOMER_ABANDONMENT,1,2,4.2,2,2026-03-23T00:00:00,0.1402,1
P100204,C339,10666.3,CARD,REPEATED_DECLINE,1,0,17.2,27,2026-03-26T07:00:00,0.1752,0
P100205,C250,606.86,CARD,BANK_TECHNICAL_FAILURE,2,1,12.8,14,2026-02-25T04:00:00,0.8674,0
P100206,C363,2045.98,CARD,INSUFFICIENT_FUNDS,1,0,0.6,11,2026-01-26T03:00:00,0.3671,0
P100207,C251,278.21,CARD,BANK_TECHNICAL_FAILURE,1,0,10.0,9,2026-03-10T02:00:00,0.9018,0
P100208,C27,1781.53,CARD,REPEATED_DECLINE,2,3,14.9,21,2026-03-14T13:00:00,0.2997,0
P100209,C296,16282.43,UPI,BANK_TECHNICAL_FAILURE,0,1,12.5,22,2026-03-13T22:00:00,0.97,1
P100210,C209,3761.32,CARD,BANK_TECHNICAL_FAILURE,0,1,16.5,25,2026-02-08T06:00:00,0.935,1
P100211,C516,6972.95,CARD,CUSTOMER_ABANDONMENT,3,1,23.0,2,2026-01-14T15:00:00,0.3665,0
P100212,C331,9655.74,CARD,UNKNOWN,1,3,2.9,17,2026-01-16T07:00:00,0.3855,0
P100213,C190,2068.57,CARD,NETWORK_FAILURE,1,1,27.0,6,2026-03-15T10:00:00,0.7208,1
P100214,C177,6665.11,CARD,UNKNOWN,1,1,17.5,4,2026-02-22T21:00:00,0.3542,0
P100215,C283,1055.37,EMI,CUSTOMER_ABANDONMENT,0,3,4.8,17,2026-03-25T16:00:00,0.1809,0
P100216,C196,911.11,CARD,INSUFFICIENT_FUNDS,1,1,24.1,18,2026-01-07T01:00:00,0.4982,0
P100217,C62,3857.88,CARD,UNKNOWN,1,2,8.6,28,2026-02-03T03:00:00,0.4239,1
P100218,C501,993.21,CARD,INSUFFICIENT_FUNDS,0,0,8.1,9,2026-02-26T10:00:00,0.3828,1
P100219,C415,2453.95,CARD,NETWORK_FAILURE,2,4,18.9,29,2026-03-04T20:00:00,0.8384,1
P100220,C12,1149.34,CARD,REPEATED_DECLINE,0,3,7.9,13,2026-03-09T21:00:00,0.2265,0
P100221,C27,3519.29,CARD,EXPIRED_PAYMENT_METHOD,0,1,20.6,27,2026-01-31T12:00:00,0.6566,1
P100222,C415,2855.47,UPI,INSUFFICIENT_FUNDS,0,0,21.8,5,2026-03-05T17:00:00,0.2885,0
P100223,C364,1506.33,UPI,BANK_TECHNICAL_FAILURE,1,0,43.7,29,2026-03-27T09:00:00,0.9132,1
P100224,C144,9294.38,CARD,CUSTOMER_ABANDONMENT,1,1,64.1,18,2026-03-31T13:00:00,0.2872,0
P100225,C2,5041.06,CARD,BANK_TECHNICAL_FAILURE,0,3,2.1,1,2026-02-06T07:00:00,0.8627,1
P100226,C239,730.77,CARD,NETWORK_FAILURE,3,1,7.6,10,2026-03-16T09:00:00,0.7122,1
P100227,C58,6420.41,CARD,NETWORK_FAILURE,2,0,3.6,21,2026-01-07T05:00:00,0.9362,1
P100228,C5,8271.05,NETBANKING,EXPIRED_PAYMENT_METHOD,2,0,0.4,26,2026-01-06T01:00:00,0.3188,1
P100229,C282,4475.14,UPI,CUSTOMER_ABANDONMENT,2,2,30.1,28,2026-01-05T15:00:00,0.4095,0
P100230,C68,4460.28,CARD,CUSTOMER_ABANDONMENT,2,1,8.9,13,2026-01-30T10:00:00,0.4112,1
P100231,C519,5262.56,NETBANKING,NETWORK_FAILURE,1,0,44.3,29,2026-03-18T06:00:00,0.6458,1
P100232,C342,1735.94,UPI,UNKNOWN,0,0,3.5,4,2026-01-07T11:00:00,0.4684,0
P100233,C506,2422.5,UPI,UNKNOWN,1,0,5.4,15,2026-01-12T03:00:00,0.48,0
P100234,C133,2861.28,NETBANKING,REPEATED_DECLINE,3,0,96.7,22,2026-01-27T18:00:00,0.1567,0
P100235,C324,994.43,CARD,CUSTOMER_ABANDONMENT,2,1,5.0,29,2026-02-17T11:00:00,0.2493,0
P100236,C458,2293.24,UPI,BANK_TECHNICAL_FAILURE,0,2,19.6,25,2026-02-26T20:00:00,0.9031,1
P100237,C535,552.17,CARD,REPEATED_DECLINE,2,3,20.4,12,2026-03-31T18:00:00,0.2865,1
P100238,C414,1123.03,UPI,BANK_TECHNICAL_FAILURE,2,1,20.1,11,2026-03-01T03:00:00,0.9484,1
P100239,C171,1149.94,CARD,INSUFFICIENT_FUNDS,3,3,23.8,6,2026-01-20T22:00:00,0.1347,0
P100240,C228,1313.59,CARD,CUSTOMER_ABANDONMENT,2,3,2.2,23,2026-01-13T20:00:00,0.3707,0
P100241,C551,2926.26,CARD,BANK_TECHNICAL_FAILURE,3,1,8.6,25,2026-03-11T12:00:00,0.7634,1
P100242,C554,1010.89,CARD,BANK_TECHNICAL_FAILURE,2,3,4.3,22,2026-03-15T18:00:00,0.97,1
P100243,C376,6945.59,NETBANKING,INSUFFICIENT_FUNDS,2,0,33.1,20,2026-03-26T08:00:00,0.3072,0
P100244,C528,1532.94,CARD,BANK_TECHNICAL_FAILURE,1,0,84.6,11,2026-01-14T02:00:00,0.7249,1
P100245,C596,1836.18,UPI,INSUFFICIENT_FUNDS,0,2,4.3,28,2026-03-16T14:00:00,0.4629,0
P100246,C370,6893.71,CARD,UNKNOWN,2,2,0.2,24,2026-02-15T21:00:00,0.3586,0
P100247,C312,2973.59,EMI,BANK_TECHNICAL_FAILURE,1,1,6.3,8,2026-02-14T22:00:00,0.6902,0
P100248,C196,11557.19,CARD,INSUFFICIENT_FUNDS,1,1,36.4,18,2026-03-03T01:00:00,0.5717,1
P100249,C406,2126.35,CARD,BANK_TECHNICAL_FAILURE,2,2,15.8,19,2026-03-09T14:00:00,0.9649,1
P100250,C95,2352.49,NETBANKING,BANK_TECHNICAL_FAILURE,2,1,15.3,11,2026-01-07T21:00:00,0.8246,1
P100251,C361,9804.41,CARD,CUSTOMER_ABANDONMENT,1,2,28.2,26,2026-01-12T04:00:00,0.2604,0
P100252,C298,5859.88,WALLET,UNKNOWN,0,1,2.5,21,2026-03-09T19:00:00,0.291,1
P100253,C277,442.1,UPI,INSUFFICIENT_FUNDS,2,3,8.7,4,2026-02-14T11:00:00,0.3472,0
P100254,C335,4424.23,NETBANKING,UNKNOWN,3,0,10.2,27,2026-02-21T09:00:00,0.2761,0
P100255,C207,4995.52,CARD,BANK_TECHNICAL_FAILURE,1,2,5.4,6,2026-02-08T13:00:00,0.7029,1
P100256,C150,1002.03,UPI,REPEATED_DECLINE,3,2,33.1,10,2026-03-07T15:00:00,0.1448,0
P100257,C102,32033.1,CARD,REPEATED_DECLINE,3,3,18.7,16,2026-01-10T12:00:00,0.1565,0
P100258,C414,3733.78,CARD,CUSTOMER_ABANDONMENT,1,2,10.2,12,2026-02-12T01:00:00,0.3959,0
P100259,C171,386.65,UPI,CUSTOMER_ABANDONMENT,1,2,26.1,19,2026-03-14T01:00:00,0.453,1
P100260,C52,2513.3,UPI,INSUFFICIENT_FUNDS,2,1,2.2,5,2026-03-27T09:00:00,0.3155,0
P100261,C141,11250.5,CARD,INSUFFICIENT_FUNDS,3,3,13.7,17,2026-03-05T20:00:00,0.4658,0
P100262,C187,1694.26,UPI,UNKNOWN,0,0,7.7,24,2026-01-13T13:00:00,0.5529,1
P100263,C200,1564.76,CARD,NETWORK_FAILURE,2,2,13.3,13,2026-01-16T02:00:00,0.6857,0
P100264,C185,1920.8,NETBANKING,BANK_TECHNICAL_FAILURE,0,0,4.3,1,2026-01-31T01:00:00,0.7128,1
P100265,C479,4456.13,UPI,NETWORK_FAILURE,0,0,28.4,16,2026-01-16T17:00:00,0.8823,1
P100266,C284,581.67,CARD,CUSTOMER_ABANDONMENT,3,0,8.5,2,2026-03-07T03:00:00,0.1076,1
P100267,C340,1993.63,NETBANKING,REPEATED_DECLINE,3,2,16.7,18,2026-01-10T01:00:00,0.031,0
P100268,C355,3759.16,UPI,EXPIRED_PAYMENT_METHOD,3,1,9.5,7,2026-03-21T20:00:00,0.3965,0
P100269,C361,2551.55,UPI,INSUFFICIENT_FUNDS,1,0,0.6,23,2026-01-10T07:00:00,0.4841,1
P100270,C189,3632.26,UPI,CUSTOMER_ABANDONMENT,0,3,61.3,7,2026-03-30T23:00:00,0.3782,0
P100271,C317,1913.98,UPI,REPEATED_DECLINE,2,2,20.5,18,2026-01-11T17:00:00,0.1079,0
P100272,C343,9420.63,CARD,BANK_TECHNICAL_FAILURE,2,2,2.7,14,2026-02-20T06:00:00,0.8591,1
P100273,C153,6018.75,CARD,NETWORK_FAILURE,1,0,42.5,29,2026-03-30T06:00:00,0.8273,1
P100274,C147,1389.3,UPI,INSUFFICIENT_FUNDS,0,1,6.4,22,2026-03-03T13:00:00,0.4605,0
P100275,C297,54079.74,CARD,REPEATED_DECLINE,1,1,1.9,22,2026-01-19T20:00:00,0.3401,1
P100276,C352,3307.4,CARD,INSUFFICIENT_FUNDS,0,2,70.4,8,2026-03-26T13:00:00,0.3187,0
P100277,C120,1587.42,CARD,CUSTOMER_ABANDONMENT,2,1,31.0,25,2026-01-12T03:00:00,0.3899,0
P100278,C180,3359.58,UPI,CUSTOMER_ABANDONMENT,3,0,21.3,27,2026-01-11T15:00:00,0.2593,0
P100279,C87,1657.1,CARD,BANK_TECHNICAL_FAILURE,1,0,13.2,9,2026-01-30T14:00:00,0.8875,1
P100280,C246,6270.28,CARD,BANK_TECHNICAL_FAILURE,0,0,23.9,17,2026-02-25T14:00:00,0.8169,0
P100281,C440,8766.92,CARD,NETWORK_FAILURE,0,1,33.5,9,2026-01-14T10:00:00,0.8757,1
P100282,C400,9953.41,CARD,UNKNOWN,2,2,17.2,5,2026-03-02T14:00:00,0.3281,1
P100283,C493,13430.94,CARD,REPEATED_DECLINE,0,1,3.1,4,2026-03-02T16:00:00,0.1588,0
P100284,C153,1259.23,CARD,REPEATED_DECLINE,2,1,40.2,21,2026-03-21T08:00:00,0.3158,0
P100285,C442,915.09,CARD,BANK_TECHNICAL_FAILURE,1,1,63.9,29,2026-01-16T04:00:00,0.9317,1
P100286,C76,6820.05,WALLET,EXPIRED_PAYMENT_METHOD,1,0,19.4,6,2026-01-14T07:00:00,0.2882,0
P100287,C118,4739.93,CARD,INSUFFICIENT_FUNDS,1,3,35.2,4,2026-01-24T03:00:00,0.241,0
P100288,C502,634.51,CARD,CUSTOMER_ABANDONMENT,1,1,38.5,28,2026-02-15T12:00:00,0.2541,0
P100289,C408,23782.76,NETBANKING,NETWORK_FAILURE,2,0,4.1,21,2026-02-24T13:00:00,0.8865,1
P100290,C298,1347.23,CARD,NETWORK_FAILURE,0,2,5.4,26,2026-02-20T16:00:00,0.752,1
P100291,C80,7759.27,CARD,EXPIRED_PAYMENT_METHOD,0,1,22.9,3,2026-01-08T14:00:00,0.3979,0
P100292,C320,11988.17,UPI,INSUFFICIENT_FUNDS,0,3,40.4,23,2026-03-27T07:00:00,0.3464,1
P100293,C262,2077.81,UPI,CUSTOMER_ABANDONMENT,0,1,4.9,12,2026-01-25T00:00:00,0.5361,0
P100294,C384,4166.7,CARD,INSUFFICIENT_FUNDS,1,0,15.1,27,2026-01-01T10:00:00,0.5522,0
P100295,C538,1568.02,UPI,CUSTOMER_ABANDONMENT,1,3,14.9,23,2026-01-23T09:00:00,0.3028,1
P100296,C495,3964.82,UPI,CUSTOMER_ABANDONMENT,2,1,14.6,15,2026-01-25T06:00:00,0.4307,0
P100297,C84,2793.51,CARD,CUSTOMER_ABANDONMENT,0,1,51.7,2,2026-02-10T08:00:00,0.2533,0
P100298,C42,25919.22,NETBANKING,UNKNOWN,3,1,3.5,23,2026-01-25T01:00:00,0.2992,1
P100299,C150,1875.69,UPI,INSUFFICIENT_FUNDS,2,0,6.0,22,2026-02-19T05:00:00,0.4703,0
P100300,C102,314.44,EMI,CUSTOMER_ABANDONMENT,3,0,2.3,10,2026-02-05T02:00:00,0.1111,0
P100301,C133,1181.99,UPI,NETWORK_FAILURE,0,1,15.6,13,2026-01-17T19:00:00,0.9189,1
P100302,C408,1189.95,UPI,CUSTOMER_ABANDONMENT,1,1,9.7,24,2026-01-25T08:00:00,0.3201,1
P100303,C551,7925.82,UPI,INSUFFICIENT_FUNDS,1,0,17.8,8,2026-01-12T14:00:00,0.3339,0
P100304,C75,1768.76,CARD,BANK_TECHNICAL_FAILURE,1,3,22.2,2,2026-02-03T21:00:00,0.7805,1
P100305,C280,1176.32,NETBANKING,NETWORK_FAILURE,3,3,0.0,5,2026-02-23T20:00:00,0.4493,1
P100306,C238,880.35,CARD,BANK_TECHNICAL_FAILURE,0,1,28.1,4,2026-03-28T19:00:00,0.8423,1
P100307,C47,1434.3,CARD,INSUFFICIENT_FUNDS,2,0,8.9,9,2026-03-30T19:00:00,0.2875,0
P100308,C335,974.95,CARD,EXPIRED_PAYMENT_METHOD,3,1,10.0,19,2026-03-26T07:00:00,0.4505,0
P100309,C495,3860.81,CARD,REPEATED_DECLINE,0,1,19.9,9,2026-01-18T13:00:00,0.2177,0
P100310,C292,4302.3,CARD,NETWORK_FAILURE,2,0,3.2,17,2026-03-25T20:00:00,0.8366,0
P100311,C487,4476.86,WALLET,CUSTOMER_ABANDONMENT,3,0,2.8,7,2026-01-10T20:00:00,0.02,0
P100312,C105,5383.95,UPI,BANK_TECHNICAL_FAILURE,2,1,0.4,24,2026-01-26T06:00:00,0.8382,1
P100313,C323,2629.88,UPI,BANK_TECHNICAL_FAILURE,3,2,47.8,11,2026-02-13T12:00:00,0.7579,1
P100314,C80,600.23,CARD,BANK_TECHNICAL_FAILURE,2,1,19.6,21,2026-01-29T23:00:00,0.8972,1
P100315,C428,1086.29,CARD,NETWORK_FAILURE,3,1,4.5,9,2026-02-12T12:00:00,0.5491,0
P100316,C248,5942.12,CARD,REPEATED_DECLINE,1,0,27.2,8,2026-02-20T21:00:00,0.2752,1
P100317,C95,1345.39,UPI,INSUFFICIENT_FUNDS,2,0,5.6,29,2026-03-10T16:00:00,0.3456,1
P100318,C563,711.97,UPI,REPEATED_DECLINE,3,2,7.3,5,2026-01-30T03:00:00,0.1543,0
P100319,C285,4240.75,CARD,INSUFFICIENT_FUNDS,0,2,1.3,4,2026-02-09T00:00:00,0.3973,0
P100320,C437,34804.51,UPI,UNKNOWN,2,2,0.6,4,2026-03-26T19:00:00,0.1768,0
P100321,C522,714.93,CARD,BANK_TECHNICAL_FAILURE,3,0,14.2,10,2026-01-07T10:00:00,0.8296,0
P100322,C318,9967.25,CARD,BANK_TECHNICAL_FAILURE,2,1,2.4,23,2026-01-29T00:00:00,0.8907,1
P100323,C478,1178.28,UPI,EXPIRED_PAYMENT_METHOD,2,2,21.6,2,2026-03-26T23:00:00,0.3204,1
P100324,C48,18191.9,CARD,CUSTOMER_ABANDONMENT,0,1,12.5,6,2026-01-31T14:00:00,0.2408,1
P100325,C115,2856.0,UPI,REPEATED_DECLINE,0,2,1.0,16,2026-01-11T10:00:00,0.2194,0
P100326,C120,1283.12,UPI,CUSTOMER_ABANDONMENT,1,2,4.5,8,2026-02-22T15:00:00,0.1213,0
P100327,C413,961.64,UPI,BANK_TECHNICAL_FAILURE,1,2,2.3,11,2026-02-15T15:00:00,0.8447,1
P100328,C395,28795.63,WALLET,INSUFFICIENT_FUNDS,3,3,21.5,28,2026-02-19T09:00:00,0.2095,0
P100329,C86,3470.47,UPI,UNKNOWN,1,0,31.7,26,2026-03-25T10:00:00,0.4819,1
P100330,C46,3576.24,CARD,EXPIRED_PAYMENT_METHOD,2,4,1.7,26,2026-02-15T12:00:00,0.2592,0
P100331,C598,2187.45,CARD,INSUFFICIENT_FUNDS,0,0,18.6,2,2026-03-12T19:00:00,0.4611,0
P100332,C170,592.83,UPI,CUSTOMER_ABANDONMENT,3,0,13.1,20,2026-01-08T18:00:00,0.3152,0
P100333,C257,1228.7,UPI,UNKNOWN,3,0,1.8,5,2026-02-20T13:00:00,0.1784,0
P100334,C264,248.36,CARD,INSUFFICIENT_FUNDS,0,0,10.5,3,2026-03-21T02:00:00,0.3773,0
P100335,C419,2251.43,NETBANKING,REPEATED_DECLINE,3,1,1.1,5,2026-03-31T04:00:00,0.02,0
P100336,C120,3821.68,UPI,CUSTOMER_ABANDONMENT,3,1,2.0,22,2026-03-09T14:00:00,0.25,0
P100337,C234,915.0,EMI,CUSTOMER_ABANDONMENT,1,1,10.0,11,2026-02-19T17:00:00,0.2292,0
P100338,C258,4623.37,UPI,CUSTOMER_ABANDONMENT,3,3,4.6,7,2026-03-02T21:00:00,0.2837,1
P100339,C370,544.43,CARD,EXPIRED_PAYMENT_METHOD,1,1,21.5,7,2026-03-06T12:00:00,0.4052,1
P100340,C250,3464.29,UPI,BANK_TECHNICAL_FAILURE,3,2,12.6,13,2026-03-14T21:00:00,0.8505,1
P100341,C311,7127.8,EMI,UNKNOWN,3,3,26.8,24,2026-03-10T21:00:00,0.1773,0
P100342,C505,3137.45,UPI,CUSTOMER_ABANDONMENT,0,0,13.3,11,2026-03-17T09:00:00,0.4783,1
P100343,C587,523.51,CARD,REPEATED_DECLINE,0,1,16.4,24,2026-01-14T21:00:00,0.2545,0
P100344,C439,3334.25,CARD,INSUFFICIENT_FUNDS,2,1,40.0,8,2026-03-18T16:00:00,0.4337,0
P100345,C169,2135.55,CARD,REPEATED_DECLINE,1,2,52.0,16,2026-03-05T23:00:00,0.2815,0
P100346,C533,8710.0,NETBANKING,EXPIRED_PAYMENT_METHOD,0,2,2.9,29,2026-01-13T15:00:00,0.313,0
P100347,C169,3887.79,NETBANKING,INSUFFICIENT_FUNDS,1,1,12.7,19,2026-03-13T06:00:00,0.3305,0
P100348,C239,804.7,CARD,CUSTOMER_ABANDONMENT,3,1,4.9,2,2026-01-30T12:00:00,0.2309,1
P100349,C157,9733.17,NETBANKING,EXPIRED_PAYMENT_METHOD,0,2,3.8,1,2026-02-15T02:00:00,0.3625,0
P100350,C463,2114.35,CARD,INSUFFICIENT_FUNDS,0,0,24.7,12,2026-01-30T11:00:00,0.3768,0
P100351,C549,2427.38,CARD,BANK_TECHNICAL_FAILURE,2,2,4.3,22,2026-02-10T13:00:00,0.7849,1
P100352,C205,2516.35,UPI,NETWORK_FAILURE,2,0,2.5,22,2026-03-28T20:00:00,0.7791,1
P100353,C284,809.85,NETBANKING,INSUFFICIENT_FUNDS,2,2,1.2,4,2026-03-15T10:00:00,0.1339,1
P100354,C403,748.7,CARD,INSUFFICIENT_FUNDS,3,1,3.4,27,2026-01-28T19:00:00,0.4581,1
P100355,C523,4445.24,CARD,EXPIRED_PAYMENT_METHOD,0,0,3.9,27,2026-03-23T18:00:00,0.5649,0
P100356,C235,6060.32,CARD,BANK_TECHNICAL_FAILURE,0,1,14.7,25,2026-02-24T23:00:00,0.9463,1
P100357,C554,2822.7,CARD,NETWORK_FAILURE,3,0,2.3,2,2026-03-08T09:00:00,0.6758,1
P100358,C436,13845.29,CARD,INSUFFICIENT_FUNDS,1,2,1.6,7,2026-02-24T00:00:00,0.4474,0
P100359,C143,6060.96,CARD,BANK_TECHNICAL_FAILURE,3,0,23.1,22,2026-03-21T12:00:00,0.7118,1
P100360,C592,1378.18,CARD,INSUFFICIENT_FUNDS,2,1,9.8,21,2026-03-20T02:00:00,0.4149,0
P100361,C347,1076.33,NETBANKING,REPEATED_DECLINE,3,3,44.6,20,2026-03-18T14:00:00,0.0789,0
P100362,C467,678.13,CARD,REPEATED_DECLINE,3,4,2.3,22,2026-03-29T17:00:00,0.1841,0
P100363,C575,7620.19,CARD,INSUFFICIENT_FUNDS,3,2,10.2,6,2026-01-23T12:00:00,0.2712,0
P100364,C348,4214.22,UPI,CUSTOMER_ABANDONMENT,0,2,15.8,9,2026-01-26T00:00:00,0.3021,1
P100365,C91,667.06,CARD,INSUFFICIENT_FUNDS,3,0,13.8,25,2026-02-16T03:00:00,0.3593,0
P100366,C176,1820.53,EMI,REPEATED_DECLINE,2,3,2.8,24,2026-03-10T05:00:00,0.02,0
P100367,C295,1250.46,CARD,CUSTOMER_ABANDONMENT,3,2,9.7,18,2026-03-04T19:00:00,0.2075,0
P100368,C6,2449.33,UPI,NETWORK_FAILURE,0,2,7.3,4,2026-01-02T09:00:00,0.6975,1
P100369,C304,4863.12,CARD,NETWORK_FAILURE,0,3,10.7,26,2026-02-20T18:00:00,0.8583,1
P100370,C186,3911.62,CARD,REPEATED_DECLINE,1,3,0.5,16,2026-03-07T01:00:00,0.2062,0
P100371,C78,1295.47,UPI,CUSTOMER_ABANDONMENT,1,1,15.0,9,2026-01-27T03:00:00,0.1918,0
P100372,C591,1487.72,CARD,REPEATED_DECLINE,0,2,69.2,26,2026-02-15T18:00:00,0.2083,0
P100373,C309,1828.89,CARD,INSUFFICIENT_FUNDS,0,1,4.1,8,2026-01-20T18:00:00,0.4157,0
P100374,C403,1838.29,UPI,BANK_TECHNICAL_FAILURE,2,1,14.8,17,2026-01-30T04:00:00,0.9068,1
P100375,C100,4503.54,CARD,INSUFFICIENT_FUNDS,2,0,1.1,17,2026-03-31T21:00:00,0.4136,1
P100376,C94,1733.41,CARD,REPEATED_DECLINE,3,3,0.4,17,2026-03-30T19:00:00,0.1156,0
P100377,C253,2098.51,UPI,CUSTOMER_ABANDONMENT,1,2,15.1,2,2026-02-06T00:00:00,0.2221,1
P100378,C258,2131.64,UPI,CUSTOMER_ABANDONMENT,0,1,23.6,14,2026-03-21T07:00:00,0.3947,0
P100379,C95,8558.56,NETBANKING,INSUFFICIENT_FUNDS,2,1,8.4,27,2026-02-19T00:00:00,0.3385,0
P100380,C294,1028.4,CARD,UNKNOWN,0,0,23.5,8,2026-02-18T07:00:00,0.3963,1
P100381,C58,2473.66,UPI,CUSTOMER_ABANDONMENT,3,0,11.8,3,2026-01-24T17:00:00,0.0233,0
P100382,C243,7731.07,CARD,INSUFFICIENT_FUNDS,1,0,54.5,25,2026-01-17T00:00:00,0.4773,1
P100383,C446,3015.04,CARD,CUSTOMER_ABANDONMENT,0,3,30.7,6,2026-03-31T00:00:00,0.2734,1
P100384,C36,5536.64,CARD,REPEATED_DECLINE,1,0,31.4,10,2026-01-09T03:00:00,0.2521,0
P100385,C42,711.94,CARD,CUSTOMER_ABANDONMENT,0,0,1.5,19,2026-01-19T04:00:00,0.3395,1
P100386,C412,1891.33,CARD,CUSTOMER_ABANDONMENT,1,1,6.8,7,2026-01-07T11:00:00,0.3002,0
P100387,C38,21375.24,EMI,CUSTOMER_ABANDONMENT,3,0,11.5,1,2026-01-22T09:00:00,0.0915,0
P100388,C508,515.76,CARD,REPEATED_DECLINE,1,2,48.2,17,2026-01-17T13:00:00,0.101,0
P100389,C245,1456.18,CARD,BANK_TECHNICAL_FAILURE,0,1,17.9,8,2026-02-19T08:00:00,0.831,1
P100390,C578,623.94,CARD,INSUFFICIENT_FUNDS,0,1,3.0,8,2026-03-27T05:00:00,0.4117,0
P100391,C361,4997.54,UPI,INSUFFICIENT_FUNDS,1,2,14.4,20,2026-01-29T04:00:00,0.529,1
P100392,C25,341.38,UPI,BANK_TECHNICAL_FAILURE,3,2,17.4,10,2026-01-24T20:00:00,0.7991,1
P100393,C265,8791.71,UPI,CUSTOMER_ABANDONMENT,3,2,11.8,4,2026-02-05T13:00:00,0.1057,0
P100394,C444,1510.42,UPI,BANK_TECHNICAL_FAILURE,2,1,29.2,24,2026-03-23T21:00:00,0.8937,1
P100395,C242,6759.92,CARD,BANK_TECHNICAL_FAILURE,2,1,67.5,2,2026-01-15T01:00:00,0.7202,1
P100396,C201,11117.67,CARD,CUSTOMER_ABANDONMENT,1,3,2.8,14,2026-01-10T02:00:00,0.2903,0
P100397,C262,3938.38,CARD,NETWORK_FAILURE,0,3,41.7,13,2026-02-20T09:00:00,0.9333,1
P100398,C405,6346.44,UPI,UNKNOWN,0,1,51.0,26,2026-03-11T08:00:00,0.4304,0
P100399,C191,670.31,NETBANKING,INSUFFICIENT_FUNDS,1,4,81.4,2,2026-02-16T16:00:00,0.1376,0
P100400,C310,33480.97,UPI,CUSTOMER_ABANDONMENT,3,1,1.6,4,2026-02-15T06:00:00,0.0745,0
P100401,C104,2485.44,UPI,BANK_TECHNICAL_FAILURE,3,1,4.6,2,2026-01-03T19:00:00,0.6967,1
P100402,C47,7726.4,UPI,NETWORK_FAILURE,1,0,3.4,20,2026-02-10T13:00:00,0.8197,1
P100403,C383,1204.09,CARD,NETWORK_FAILURE,1,0,0.9,29,2026-02-06T08:00:00,0.8572,1
P100404,C530,1203.41,EMI,INSUFFICIENT_FUNDS,3,2,20.0,28,2026-02-28T20:00:00,0.2404,0
P100405,C463,1211.85,UPI,UNKNOWN,0,1,7.4,5,2026-01-07T06:00:00,0.2352,1
P100406,C247,5460.96,NETBANKING,INSUFFICIENT_FUNDS,2,1,21.8,20,2026-01-16T18:00:00,0.468,1
P100407,C43,208.41,UPI,REPEATED_DECLINE,3,1,0.3,16,2026-02-10T09:00:00,0.2838,0
P100408,C143,10297.3,CARD,NETWORK_FAILURE,1,0,32.0,10,2026-01-07T09:00:00,0.69,1
P100409,C281,2705.2,CARD,BANK_TECHNICAL_FAILURE,0,0,38.5,21,2026-02-24T06:00:00,0.8887,1
P100410,C246,936.3,CARD,REPEATED_DECLINE,1,1,5.9,15,2026-02-04T14:00:00,0.5763,0
P100411,C381,14214.68,UPI,CUSTOMER_ABANDONMENT,3,1,43.2,10,2026-01-02T20:00:00,0.3064,0
P100412,C165,1402.81,CARD,CUSTOMER_ABANDONMENT,1,1,1.2,17,2026-02-11T20:00:00,0.2438,0
P100413,C348,2325.93,CARD,REPEATED_DECLINE,3,2,54.1,17,2026-03-13T09:00:00,0.2259,0
P100414,C283,1311.84,NETBANKING,INSUFFICIENT_FUNDS,1,0,8.8,28,2026-03-19T02:00:00,0.3071,0
P100415,C580,627.22,UPI,BANK_TECHNICAL_FAILURE,0,1,42.0,29,2026-01-20T11:00:00,0.97,1
P100416,C119,5619.05,CARD,NETWORK_FAILURE,0,2,19.4,29,2026-02-17T23:00:00,0.7953,1
P100417,C150,30702.18,CARD,BANK_TECHNICAL_FAILURE,2,0,13.4,6,2026-01-31T23:00:00,0.7625,1
P100418,C16,5482.21,CARD,REPEATED_DECLINE,2,0,23.0,13,2026-03-26T03:00:00,0.3282,0
P100419,C453,17770.07,UPI,NETWORK_FAILURE,1,0,5.6,26,2026-02-19T14:00:00,0.9018,1
P100420,C226,8065.98,CARD,UNKNOWN,3,0,18.3,1,2026-03-17T14:00:00,0.308,1
P100421,C572,2733.64,NETBANKING,BANK_TECHNICAL_FAILURE,0,0,17.9,3,2026-01-22T02:00:00,0.6661,0
P100422,C595,2893.87,UPI,EXPIRED_PAYMENT_METHOD,3,0,2.8,21,2026-03-01T00:00:00,0.4253,0
P100423,C144,1249.39,CARD,CUSTOMER_ABANDONMENT,2,1,15.0,27,2026-03-01T08:00:00,0.4095,0
P100424,C358,7743.07,UPI,BANK_TECHNICAL_FAILURE,0,1,0.7,12,2026-02-16T02:00:00,0.8283,1
P100425,C126,22663.89,CARD,EXPIRED_PAYMENT_METHOD,0,0,43.9,23,2026-01-29T19:00:00,0.4733,1
P100426,C64,7169.89,CARD,BANK_TECHNICAL_FAILURE,3,2,68.1,8,2026-02-16T16:00:00,0.6847,1
P100427,C328,12203.37,UPI,BANK_TECHNICAL_FAILURE,1,3,14.2,23,2026-02-12T03:00:00,0.8022,0
P100428,C285,2981.84,CARD,INSUFFICIENT_FUNDS,1,0,13.6,7,2026-01-14T13:00:00,0.373,0
P100429,C573,3907.07,CARD,CUSTOMER_ABANDONMENT,2,1,48.1,7,2026-01-21T13:00:00,0.1627,0
P100430,C326,3388.41,CARD,BANK_TECHNICAL_FAILURE,0,1,2.7,3,2026-02-03T11:00:00,0.97,1
P100431,C482,9170.05,CARD,INSUFFICIENT_FUNDS,3,0,4.1,5,2026-03-21T00:00:00,0.29,1
P100432,C542,2726.52,UPI,NETWORK_FAILURE,1,0,68.8,17,2026-03-29T15:00:00,0.9026,1
P100433,C198,843.29,CARD,NETWORK_FAILURE,2,0,37.5,22,2026-02-07T21:00:00,0.811,1
P100434,C127,4392.74,CARD,BANK_TECHNICAL_FAILURE,3,2,35.3,27,2026-01-26T01:00:00,0.809,1
P100435,C562,1557.96,UPI,INSUFFICIENT_FUNDS,1,3,68.5,21,2026-01-22T17:00:00,0.5656,1
P100436,C197,1392.4,CARD,CUSTOMER_ABANDONMENT,3,3,1.3,1,2026-02-02T04:00:00,0.064,0
P100437,C132,3925.81,CARD,CUSTOMER_ABANDONMENT,3,1,3.6,14,2026-02-05T18:00:00,0.2352,1
P100438,C231,12052.74,UPI,CUSTOMER_ABANDONMENT,3,1,4.3,7,2026-01-28T00:00:00,0.2497,0
P100439,C370,1148.79,CARD,CUSTOMER_ABANDONMENT,3,3,22.1,29,2026-03-03T07:00:00,0.1697,0
P100440,C404,645.77,UPI,CUSTOMER_ABANDONMENT,3,1,25.2,13,2026-03-19T21:00:00,0.3045,0
P100441,C552,1872.06,EMI,CUSTOMER_ABANDONMENT,0,1,127.0,4,2026-03-07T07:00:00,0.0881,1
P100442,C286,3045.01,UPI,INSUFFICIENT_FUNDS,2,3,2.7,19,2026-03-31T02:00:00,0.3303,1
P100443,C525,3764.33,UPI,REPEATED_DECLINE,3,0,16.1,27,2026-02-21T19:00:00,0.3031,0
P100444,C495,43016.31,NETBANKING,INSUFFICIENT_FUNDS,0,1,17.1,18,2026-01-07T18:00:00,0.421,0
P100445,C567,6863.55,UPI,REPEATED_DECLINE,3,2,2.9,26,2026-02-14T16:00:00,0.136,0
P100446,C242,20650.65,CARD,INSUFFICIENT_FUNDS,0,1,53.2,10,2026-03-25T01:00:00,0.2078,0
P100447,C219,580.06,NETBANKING,INSUFFICIENT_FUNDS,2,0,12.5,5,2026-03-19T18:00:00,0.3,0
P100448,C433,5802.69,CARD,BANK_TECHNICAL_FAILURE,1,1,10.3,9,2026-01-20T09:00:00,0.8647,1
P100449,C552,440.23,UPI,EXPIRED_PAYMENT_METHOD,3,1,11.9,11,2026-01-25T13:00:00,0.5231,1
P100450,C320,3668.66,CARD,INSUFFICIENT_FUNDS,1,1,9.0,16,2026-01-19T01:00:00,0.4494,0
P100451,C260,4149.68,EMI,UNKNOWN,0,0,16.8,25,2026-02-11T17:00:00,0.2727,0
P100452,C271,153.95,NETBANKING,EXPIRED_PAYMENT_METHOD,0,0,36.0,14,2026-01-15T00:00:00,0.3949,0
P100453,C245,17782.07,UPI,CUSTOMER_ABANDONMENT,1,1,73.5,21,2026-01-25T15:00:00,0.3015,0
P100454,C595,2321.07,UPI,BANK_TECHNICAL_FAILURE,0,0,1.5,21,2026-01-07T23:00:00,0.97,1
P100455,C204,4198.62,UPI,EXPIRED_PAYMENT_METHOD,2,2,19.0,24,2026-03-18T21:00:00,0.4218,0
P100456,C252,12294.07,UPI,REPEATED_DECLINE,1,2,9.7,8,2026-01-13T01:00:00,0.2479,1
P100457,C301,2160.35,CARD,REPEATED_DECLINE,1,0,12.4,13,2026-03-23T02:00:00,0.3464,1
P100458,C510,6747.08,UPI,BANK_TECHNICAL_FAILURE,1,1,9.8,29,2026-02-25T02:00:00,0.97,1
P100459,C426,3318.78,UPI,CUSTOMER_ABANDONMENT,3,1,8.4,19,2026-01-22T07:00:00,0.2098,0
P100460,C453,883.08,CARD,NETWORK_FAILURE,2,0,9.2,14,2026-03-12T02:00:00,0.7968,1
P100461,C136,956.55,UPI,EXPIRED_PAYMENT_METHOD,0,0,9.9,8,2026-02-17T16:00:00,0.354,0
P100462,C488,1773.93,CARD,UNKNOWN,3,0,36.6,10,2026-02-15T03:00:00,0.2566,0
P100463,C497,1284.85,CARD,NETWORK_FAILURE,2,1,38.8,2,2026-02-27T23:00:00,0.7316,1
P100464,C11,3221.32,CARD,CUSTOMER_ABANDONMENT,1,0,13.4,23,2026-02-28T23:00:00,0.3144,0
P100465,C553,12516.0,EMI,EXPIRED_PAYMENT_METHOD,3,1,10.7,4,2026-03-03T14:00:00,0.2847,1
P100466,C452,12746.36,CARD,INSUFFICIENT_FUNDS,1,0,6.9,20,2026-03-17T20:00:00,0.4781,1
P100467,C95,1459.67,UPI,REPEATED_DECLINE,0,1,7.5,14,2026-02-09T06:00:00,0.3534,0
P100468,C124,2609.38,WALLET,CUSTOMER_ABANDONMENT,2,0,1.4,21,2026-02-15T01:00:00,0.3034,0
P100469,C215,4004.58,UPI,REPEATED_DECLINE,2,1,5.5,29,2026-02-07T06:00:00,0.3041,0
P100470,C111,1128.73,UPI,REPEATED_DECLINE,2,1,0.1,24,2026-01-12T01:00:00,0.1975,0
P100471,C263,3912.03,CARD,INSUFFICIENT_FUNDS,1,1,9.6,13,2026-01-13T07:00:00,0.4267,1
P100472,C222,1944.64,CARD,BANK_TECHNICAL_FAILURE,2,2,2.0,17,2026-01-26T02:00:00,0.8416,0
P100473,C171,3935.11,UPI,BANK_TECHNICAL_FAILURE,1,0,11.8,6,2026-02-09T19:00:00,0.84,1
P100474,C318,21235.78,UPI,CUSTOMER_ABANDONMENT,0,1,30.9,10,2026-02-04T21:00:00,0.5086,1
P100475,C555,11228.84,CARD,EXPIRED_PAYMENT_METHOD,2,1,7.9,25,2026-02-05T10:00:00,0.258,0
P100476,C284,2296.8,UPI,CUSTOMER_ABANDONMENT,1,0,43.2,19,2026-03-21T23:00:00,0.3421,0
P100477,C379,4206.9,NETBANKING,REPEATED_DECLINE,1,2,39.9,14,2026-01-20T12:00:00,0.02,0
P100478,C24,10460.82,CARD,REPEATED_DECLINE,1,3,13.0,20,2026-01-15T11:00:00,0.3034,0
P100479,C396,1793.4,CARD,CUSTOMER_ABANDONMENT,1,1,10.3,26,2026-02-26T16:00:00,0.3191,1
P100480,C290,3613.03,CARD,REPEATED_DECLINE,2,1,41.1,12,2026-01-05T19:00:00,0.2162,0
P100481,C560,6862.92,UPI,REPEATED_DECLINE,2,2,11.0,18,2026-01-22T09:00:00,0.163,0
P100482,C563,1329.34,CARD,INSUFFICIENT_FUNDS,0,1,5.4,2,2026-02-13T18:00:00,0.2571,1
P100483,C206,7746.48,CARD,BANK_TECHNICAL_FAILURE,0,2,3.8,20,2026-03-20T13:00:00,0.769,1
P100484,C36,594.38,NETBANKING,UNKNOWN,1,1,18.2,24,2026-01-15T10:00:00,0.3407,1
P100485,C361,1108.34,WALLET,BANK_TECHNICAL_FAILURE,2,0,24.7,8,2026-03-05T08:00:00,0.5819,0
P100486,C191,1828.52,UPI,INSUFFICIENT_FUNDS,0,1,64.1,8,2026-03-11T00:00:00,0.3297,1
P100487,C392,2031.14,UPI,REPEATED_DECLINE,1,1,36.0,3,2026-01-19T09:00:00,0.1118,0
P100488,C39,2699.12,UPI,NETWORK_FAILURE,1,3,12.2,10,2026-02-27T03:00:00,0.8785,1
P100489,C258,1034.54,CARD,BANK_TECHNICAL_FAILURE,1,1,20.3,9,2026-02-25T08:00:00,0.8957,1
P100490,C460,2817.27,UPI,INSUFFICIENT_FUNDS,0,0,19.5,17,2026-02-05T19:00:00,0.3948,0
P100491,C359,11109.8,CARD,UNKNOWN,0,0,16.4,15,2026-02-20T06:00:00,0.5885,0
P100492,C329,1429.25,UPI,NETWORK_FAILURE,1,0,5.5,22,2026-01-15T12:00:00,0.8283,1
P100493,C127,2496.51,UPI,INSUFFICIENT_FUNDS,3,0,22.2,11,2026-01-27T11:00:00,0.5004,1
P100494,C565,401.76,CARD,CUSTOMER_ABANDONMENT,2,0,6.4,27,2026-03-06T13:00:00,0.2677,0
P100495,C261,3944.23,WALLET,CUSTOMER_ABANDONMENT,1,3,2.1,1,2026-03-10T07:00:00,0.02,0
P100496,C71,1824.39,UPI,NETWORK_FAILURE,3,3,0.8,26,2026-02-25T07:00:00,0.902,1
P100497,C515,4577.72,UPI,EXPIRED_PAYMENT_METHOD,0,0,9.9,22,2026-03-09T19:00:00,0.5049,1
P100498,C15,9751.99,UPI,BANK_TECHNICAL_FAILURE,3,2,18.5,8,2026-02-19T21:00:00,0.7543,1
P100499,C387,484.6,WALLET,UNKNOWN,1,0,11.4,20,2026-01-20T18:00:00,0.2071,0
P100500,C583,4388.43,CARD,INSUFFICIENT_FUNDS,2,2,9.2,22,2026-03-25T15:00:00,0.3679,0
P100501,C47,166.24,NETBANKING,INSUFFICIENT_FUNDS,3,1,10.4,19,2026-01-20T13:00:00,0.3902,1
P100502,C252,590.89,UPI,INSUFFICIENT_FUNDS,1,2,21.8,18,2026-02-28T09:00:00,0.2853,0
P100503,C179,8056.06,UPI,NETWORK_FAILURE,2,1,3.3,26,2026-01-05T08:00:00,0.7615,1
P100504,C11,2208.26,UPI,INSUFFICIENT_FUNDS,2,0,12.4,10,2026-01-05T21:00:00,0.2619,1
P100505,C437,4420.08,UPI,NETWORK_FAILURE,2,1,30.5,4,2026-03-21T05:00:00,0.8731,1
P100506,C161,3111.78,UPI,INSUFFICIENT_FUNDS,1,0,8.5,9,2026-02-11T07:00:00,0.3189,1
P100507,C590,6511.35,CARD,BANK_TECHNICAL_FAILURE,0,1,24.5,23,2026-03-23T23:00:00,0.9684,1
P100508,C146,5219.58,CARD,BANK_TECHNICAL_FAILURE,1,0,9.5,26,2026-01-09T21:00:00,0.8498,1
P100509,C479,2568.09,CARD,INSUFFICIENT_FUNDS,1,0,21.6,1,2026-03-24T09:00:00,0.4187,1
P100510,C456,3015.84,CARD,BANK_TECHNICAL_FAILURE,2,1,13.7,29,2026-01-27T09:00:00,0.9223,1
P100511,C592,2077.92,UPI,INSUFFICIENT_FUNDS,1,0,45.7,3,2026-02-13T03:00:00,0.3911,1
P100512,C24,3020.33,NETBANKING,NETWORK_FAILURE,3,1,10.7,29,2026-02-28T13:00:00,0.6435,1
P100513,C524,126.9,CARD,INSUFFICIENT_FUNDS,3,5,20.2,12,2026-02-04T08:00:00,0.3137,0
P100514,C557,1137.75,UPI,UNKNOWN,2,1,6.5,28,2026-01-18T23:00:00,0.4993,0
P100515,C364,1382.3,UPI,INSUFFICIENT_FUNDS,2,2,58.3,29,2026-02-22T12:00:00,0.3235,1
P100516,C190,30552.23,UPI,NETWORK_FAILURE,1,1,0.5,11,2026-02-26T21:00:00,0.97,1
P100517,C574,5873.22,CARD,INSUFFICIENT_FUNDS,1,1,21.6,16,2026-01-04T14:00:00,0.4762,1
P100518,C458,8355.4,UPI,EXPIRED_PAYMENT_METHOD,1,0,2.1,16,2026-01-14T04:00:00,0.4817,0
P100519,C462,484.78,UPI,REPEATED_DECLINE,1,0,13.7,12,2026-02-02T04:00:00,0.3504,0
P100520,C432,1843.22,CARD,INSUFFICIENT_FUNDS,2,0,5.0,21,2026-02-22T10:00:00,0.4881,1
P100521,C419,13216.47,UPI,INSUFFICIENT_FUNDS,2,3,25.9,9,2026-03-25T13:00:00,0.1531,0
P100522,C391,1497.14,UPI,BANK_TECHNICAL_FAILURE,1,0,138.6,14,2026-03-21T14:00:00,0.8879,1
P100523,C233,7364.69,CARD,BANK_TECHNICAL_FAILURE,3,1,21.8,2,2026-02-28T12:00:00,0.6699,1
P100524,C441,19545.26,NETBANKING,INSUFFICIENT_FUNDS,2,2,22.1,2,2026-03-12T02:00:00,0.2419,1
P100525,C242,5349.43,UPI,INSUFFICIENT_FUNDS,1,2,21.6,9,2026-01-29T02:00:00,0.4187,0
P100526,C58,1440.47,CARD,INSUFFICIENT_FUNDS,0,0,15.2,12,2026-03-07T15:00:00,0.3779,1
P100527,C453,8095.69,CARD,REPEATED_DECLINE,0,1,3.7,9,2026-02-12T04:00:00,0.2684,0
P100528,C274,43054.38,CARD,CUSTOMER_ABANDONMENT,0,1,6.1,4,2026-02-28T03:00:00,0.2187,0
P100529,C388,11055.75,CARD,CUSTOMER_ABANDONMENT,3,1,45.0,8,2026-01-09T06:00:00,0.1114,0
P100530,C28,2452.83,CARD,REPEATED_DECLINE,3,3,17.1,12,2026-02-01T16:00:00,0.1476,0
P100531,C39,17865.73,UPI,BANK_TECHNICAL_FAILURE,0,2,6.9,13,2026-01-18T06:00:00,0.97,1
P100532,C379,7153.04,UPI,BANK_TECHNICAL_FAILURE,0,2,10.3,20,2026-01-09T16:00:00,0.9036,1
P100533,C362,14435.13,UPI,BANK_TECHNICAL_FAILURE,3,0,43.4,3,2026-01-01T00:00:00,0.8294,1
P100534,C19,1858.97,NETBANKING,BANK_TECHNICAL_FAILURE,3,2,2.5,26,2026-01-22T08:00:00,0.676,0
P100535,C213,21164.61,CARD,BANK_TECHNICAL_FAILURE,1,0,2.7,19,2026-02-15T14:00:00,0.97,1
P100536,C205,13724.85,CARD,CUSTOMER_ABANDONMENT,3,2,9.5,3,2026-02-12T03:00:00,0.2922,1
P100537,C123,2229.46,CARD,BANK_TECHNICAL_FAILURE,3,1,12.0,7,2026-02-08T15:00:00,0.6737,1
P100538,C511,4823.2,CARD,UNKNOWN,3,1,52.3,24,2026-02-16T16:00:00,0.3985,0
P100539,C226,3865.7,UPI,INSUFFICIENT_FUNDS,3,0,45.7,20,2026-02-19T11:00:00,0.4722,0
P100540,C25,8266.36,EMI,NETWORK_FAILURE,2,2,1.2,10,2026-02-01T12:00:00,0.504,0
P100541,C171,6549.16,CARD,NETWORK_FAILURE,3,0,23.1,8,2026-02-02T17:00:00,0.5894,1
P100542,C554,9142.53,UPI,BANK_TECHNICAL_FAILURE,3,0,99.6,2,2026-01-14T07:00:00,0.6987,1
P100543,C208,6637.99,CARD,UNKNOWN,3,4,13.7,28,2026-03-06T12:00:00,0.4206,0
P100544,C125,5580.52,UPI,NETWORK_FAILURE,2,2,0.5,27,2026-02-21T06:00:00,0.7888,0
P100545,C21,7240.59,UPI,CUSTOMER_ABANDONMENT,1,0,43.3,14,2026-03-23T22:00:00,0.4079,0
P100546,C40,927.68,CARD,REPEATED_DECLINE,0,0,20.7,23,2026-01-26T19:00:00,0.3074,0
P100547,C523,7246.23,NETBANKING,NETWORK_FAILURE,0,0,7.3,9,2026-01-29T01:00:00,0.6796,1
P100548,C555,1637.58,UPI,REPEATED_DECLINE,0,0,18.2,7,2026-02-07T21:00:00,0.1885,0
P100549,C91,898.09,UPI,INSUFFICIENT_FUNDS,0,1,10.2,5,2026-02-05T05:00:00,0.4141,0
P100550,C32,547.2,CARD,CUSTOMER_ABANDONMENT,1,0,18.3,4,2026-02-10T00:00:00,0.335,0
P100551,C221,6028.98,WALLET,REPEATED_DECLINE,1,0,35.0,22,2026-02-07T16:00:00,0.2374,0
P100552,C76,1351.55,UPI,INSUFFICIENT_FUNDS,0,3,44.9,20,2026-02-02T13:00:00,0.343,0
P100553,C374,5782.48,UPI,REPEATED_DECLINE,3,2,0.6,22,2026-02-22T13:00:00,0.2775,1
P100554,C455,1486.04,UPI,EXPIRED_PAYMENT_METHOD,0,1,9.4,16,2026-03-19T00:00:00,0.66,1
P100555,C351,694.79,CARD,EXPIRED_PAYMENT_METHOD,3,0,2.1,28,2026-03-10T06:00:00,0.4757,1
P100556,C484,533.68,CARD,NETWORK_FAILURE,3,3,2.2,12,2026-01-18T20:00:00,0.7892,0
P100557,C78,1624.2,UPI,BANK_TECHNICAL_FAILURE,0,0,26.7,29,2026-03-14T00:00:00,0.9553,1
P100558,C597,4593.76,CARD,INSUFFICIENT_FUNDS,1,3,67.2,27,2026-02-25T03:00:00,0.4606,0
P100559,C101,744.54,UPI,REPEATED_DECLINE,1,2,5.4,28,2026-03-27T20:00:00,0.3961,0
P100560,C139,2649.34,UPI,REPEATED_DECLINE,0,0,43.0,7,2026-01-13T20:00:00,0.303,1
P100561,C11,11518.35,WALLET,REPEATED_DECLINE,0,2,3.7,25,2026-02-25T11:00:00,0.3316,0
P100562,C489,2952.73,CARD,CUSTOMER_ABANDONMENT,3,0,2.2,21,2026-03-05T16:00:00,0.2771,0
P100563,C522,20429.38,EMI,CUSTOMER_ABANDONMENT,0,1,12.1,24,2026-03-21T03:00:00,0.3115,0
P100564,C599,5774.54,UPI,BANK_TECHNICAL_FAILURE,1,0,78.0,3,2026-02-26T07:00:00,0.7335,0
P100565,C311,2228.81,CARD,NETWORK_FAILURE,2,2,31.4,26,2026-03-05T11:00:00,0.7556,1
P100566,C203,2133.83,CARD,NETWORK_FAILURE,3,2,3.1,13,2026-01-19T04:00:00,0.9216,1
P100567,C303,999.19,UPI,BANK_TECHNICAL_FAILURE,2,1,66.4,22,2026-01-23T08:00:00,0.8419,1
P100568,C234,6153.66,CARD,NETWORK_FAILURE,2,1,14.5,26,2026-02-16T03:00:00,0.9116,1
P100569,C164,997.82,CARD,NETWORK_FAILURE,1,3,1.2,28,2026-03-12T16:00:00,0.97,1
P100570,C60,2955.13,CARD,EXPIRED_PAYMENT_METHOD,0,1,5.1,28,2026-01-23T17:00:00,0.7844,1
P100571,C173,454.18,UPI,INSUFFICIENT_FUNDS,2,2,8.0,18,2026-02-27T08:00:00,0.3731,1
P100572,C284,6169.68,UPI,NETWORK_FAILURE,0,0,44.3,29,2026-01-26T06:00:00,0.9523,1
P100573,C297,403.17,UPI,BANK_TECHNICAL_FAILURE,3,0,1.1,22,2026-03-17T20:00:00,0.9494,0
P100574,C509,3875.51,NETBANKING,BANK_TECHNICAL_FAILURE,2,1,35.3,13,2026-02-17T15:00:00,0.7223,0
P100575,C324,3448.76,UPI,CUSTOMER_ABANDONMENT,0,3,10.0,21,2026-03-28T12:00:00,0.5431,1
P100576,C331,3596.4,UPI,REPEATED_DECLINE,1,2,20.0,21,2026-01-01T20:00:00,0.4215,1
P100577,C187,1338.39,NETBANKING,REPEATED_DECLINE,2,1,35.4,19,2026-01-23T07:00:00,0.2014,0
P100578,C57,3736.45,CARD,INSUFFICIENT_FUNDS,1,3,2.4,11,2026-03-15T10:00:00,0.3331,1
P100579,C101,980.31,CARD,NETWORK_FAILURE,0,1,2.5,25,2026-01-05T02:00:00,0.9018,1
P100580,C480,4341.0,UPI,INSUFFICIENT_FUNDS,2,0,2.0,29,2026-02-14T18:00:00,0.4806,0
P100581,C134,1938.53,CARD,NETWORK_FAILURE,0,2,39.1,14,2026-03-31T14:00:00,0.9341,1
P100582,C407,620.57,CARD,NETWORK_FAILURE,3,1,56.6,18,2026-01-31T06:00:00,0.867,1
P100583,C342,2862.99,WALLET,CUSTOMER_ABANDONMENT,0,0,12.8,20,2026-03-28T16:00:00,0.278,0
P100584,C55,10410.35,NETBANKING,EXPIRED_PAYMENT_METHOD,1,2,15.3,17,2026-01-15T01:00:00,0.3314,0
P100585,C370,12800.13,UPI,EXPIRED_PAYMENT_METHOD,2,2,25.9,16,2026-01-11T20:00:00,0.5388,1
P100586,C267,12201.98,WALLET,UNKNOWN,3,1,15.6,4,2026-03-17T11:00:00,0.2643,1
P100587,C436,7997.74,CARD,INSUFFICIENT_FUNDS,0,1,0.6,27,2026-03-31T11:00:00,0.4821,0
P100588,C104,18795.48,CARD,CUSTOMER_ABANDONMENT,1,0,11.6,24,2026-03-31T16:00:00,0.3257,0
P100589,C496,19730.28,CARD,CUSTOMER_ABANDONMENT,1,1,53.7,23,2026-01-21T06:00:00,0.3663,1
P100590,C561,5328.48,NETBANKING,EXPIRED_PAYMENT_METHOD,0,1,2.2,27,2026-02-06T03:00:00,0.5666,0
P100591,C185,745.89,CARD,BANK_TECHNICAL_FAILURE,1,1,0.3,1,2026-01-17T11:00:00,0.7446,1
P100592,C423,521.84,CARD,EXPIRED_PAYMENT_METHOD,2,0,0.7,4,2026-02-21T13:00:00,0.2428,1
P100593,C412,140.26,CARD,INSUFFICIENT_FUNDS,3,1,0.6,2,2026-02-25T11:00:00,0.1081,0
P100594,C435,1513.95,UPI,NETWORK_FAILURE,1,0,17.5,22,2026-01-18T19:00:00,0.7541,0
P100595,C434,637.17,EMI,BANK_TECHNICAL_FAILURE,1,1,1.2,15,2026-02-04T10:00:00,0.8097,0
P100596,C335,3618.89,CARD,BANK_TECHNICAL_FAILURE,1,1,1.5,15,2026-02-02T19:00:00,0.8557,1
P100597,C592,15494.84,CARD,BANK_TECHNICAL_FAILURE,0,1,18.7,10,2026-02-27T16:00:00,0.7915,1
P100598,C165,288.22,WALLET,INSUFFICIENT_FUNDS,1,0,13.5,21,2026-01-18T00:00:00,0.3879,1
P100599,C279,651.29,UPI,REPEATED_DECLINE,2,1,112.9,23,2026-03-14T10:00:00,0.0897,0
P100600,C560,4684.75,CARD,CUSTOMER_ABANDONMENT,1,0,0.0,9,2026-03-25T20:00:00,0.1916,0
P100601,C552,9613.44,NETBANKING,NETWORK_FAILURE,1,1,5.6,1,2026-03-04T20:00:00,0.5431,1
P100602,C337,1468.31,CARD,UNKNOWN,1,1,8.3,29,2026-02-08T18:00:00,0.3759,0
P100603,C233,5421.83,CARD,REPEATED_DECLINE,3,1,9.1,23,2026-02-24T23:00:00,0.3021,1
P100604,C527,1657.39,CARD,CUSTOMER_ABANDONMENT,0,1,7.6,28,2026-03-31T01:00:00,0.3723,0
P100605,C186,6056.97,CARD,NETWORK_FAILURE,2,1,0.5,5,2026-03-18T03:00:00,0.7324,0
P100606,C207,5161.2,CARD,BANK_TECHNICAL_FAILURE,1,2,13.6,12,2026-02-10T00:00:00,0.7734,1
P100607,C28,3253.37,CARD,CUSTOMER_ABANDONMENT,0,1,14.4,14,2026-03-23T17:00:00,0.2038,0
P100608,C492,915.71,CARD,CUSTOMER_ABANDONMENT,0,3,3.3,13,2026-01-04T08:00:00,0.2985,1
P100609,C303,8867.72,EMI,NETWORK_FAILURE,0,2,35.6,10,2026-02-02T03:00:00,0.6846,0
P100610,C592,43939.83,UPI,INSUFFICIENT_FUNDS,2,1,1.0,14,2026-03-05T09:00:00,0.4551,0
P100611,C111,861.81,CARD,BANK_TECHNICAL_FAILURE,0,1,3.4,24,2026-01-03T07:00:00,0.9071,1
P100612,C398,5116.16,UPI,BANK_TECHNICAL_FAILURE,0,1,14.4,14,2026-01-08T19:00:00,0.8124,1
P100613,C468,930.29,CARD,EXPIRED_PAYMENT_METHOD,2,4,20.1,10,2026-03-14T09:00:00,0.2688,0
P100614,C261,12280.91,UPI,CUSTOMER_ABANDONMENT,3,0,31.9,25,2026-01-08T23:00:00,0.2937,0
P100615,C41,479.65,CARD,EXPIRED_PAYMENT_METHOD,1,1,55.7,1,2026-02-15T12:00:00,0.3618,0
P100616,C528,6227.97,CARD,INSUFFICIENT_FUNDS,1,1,70.3,11,2026-01-17T14:00:00,0.3539,0
P100617,C157,1281.04,UPI,CUSTOMER_ABANDONMENT,1,1,28.1,17,2026-01-31T07:00:00,0.3195,0
P100618,C316,3835.68,NETBANKING,CUSTOMER_ABANDONMENT,3,0,10.2,29,2026-03-27T22:00:00,0.1039,0
P100619,C444,2337.95,WALLET,REPEATED_DECLINE,2,1,29.5,11,2026-01-30T12:00:00,0.1101,0
P100620,C501,1194.52,UPI,CUSTOMER_ABANDONMENT,1,0,42.3,27,2026-02-02T07:00:00,0.3081,1
P100621,C230,1498.09,EMI,REPEATED_DECLINE,2,0,7.3,11,2026-01-27T15:00:00,0.1893,0
P100622,C492,1390.26,NETBANKING,NETWORK_FAILURE,1,1,18.5,16,2026-01-25T19:00:00,0.7476,0
P100623,C236,2594.47,UPI,INSUFFICIENT_FUNDS,0,0,24.3,2,2026-03-10T07:00:00,0.381,1
P100624,C13,952.99,CARD,INSUFFICIENT_FUNDS,2,0,9.5,5,2026-01-18T12:00:00,0.4641,0
P100625,C67,1728.88,CARD,BANK_TECHNICAL_FAILURE,0,3,5.4,3,2026-02-10T11:00:00,0.6972,0
P100626,C368,1010.36,UPI,NETWORK_FAILURE,2,1,3.9,9,2026-01-11T07:00:00,0.7543,1
P100627,C556,2385.31,CARD,BANK_TECHNICAL_FAILURE,0,2,55.6,26,2026-01-29T06:00:00,0.97,1
P100628,C448,5539.94,NETBANKING,REPEATED_DECLINE,1,0,3.2,8,2026-03-04T02:00:00,0.2186,0
P100629,C219,1160.31,CARD,CUSTOMER_ABANDONMENT,3,0,20.0,29,2026-03-09T04:00:00,0.1603,0
P100630,C485,8762.68,CARD,REPEATED_DECLINE,2,1,10.1,12,2026-03-18T23:00:00,0.4378,0
P100631,C479,11983.16,EMI,NETWORK_FAILURE,1,0,7.9,27,2026-03-13T03:00:00,0.814,1
P100632,C254,2784.53,UPI,EXPIRED_PAYMENT_METHOD,1,3,32.5,14,2026-01-02T20:00:00,0.6652,1
P100633,C393,9107.6,CARD,EXPIRED_PAYMENT_METHOD,2,0,11.5,8,2026-02-12T11:00:00,0.2604,0
P100634,C404,666.16,UPI,EXPIRED_PAYMENT_METHOD,3,1,54.1,8,2026-01-05T04:00:00,0.2612,0
P100635,C456,2302.1,CARD,REPEATED_DECLINE,3,0,12.9,19,2026-03-07T20:00:00,0.2136,1
P100636,C204,7243.12,CARD,BANK_TECHNICAL_FAILURE,1,0,12.7,5,2026-03-31T22:00:00,0.8478,1
P100637,C8,1676.07,CARD,UNKNOWN,2,1,11.4,15,2026-01-16T10:00:00,0.5396,0
P100638,C21,1441.23,NETBANKING,INSUFFICIENT_FUNDS,2,2,22.1,28,2026-01-04T04:00:00,0.3582,0
P100639,C567,29199.2,CARD,EXPIRED_PAYMENT_METHOD,1,0,9.8,5,2026-02-04T06:00:00,0.308,1
P100640,C350,24483.58,UPI,INSUFFICIENT_FUNDS,3,0,15.7,18,2026-02-09T10:00:00,0.4967,0
P100641,C457,652.14,NETBANKING,REPEATED_DECLINE,2,2,20.1,7,2026-02-26T05:00:00,0.1222,0
P100642,C249,2108.54,NETBANKING,NETWORK_FAILURE,3,1,32.4,22,2026-01-24T03:00:00,0.6871,0
P100643,C510,3734.74,CARD,REPEATED_DECLINE,3,3,1.5,27,2026-01-25T01:00:00,0.1276,0
P100644,C330,16192.64,CARD,BANK_TECHNICAL_FAILURE,0,1,48.1,4,2026-01-20T21:00:00,0.8787,1
P100645,C299,2697.32,UPI,BANK_TECHNICAL_FAILURE,2,1,19.6,6,2026-03-18T15:00:00,0.834,1
P100646,C349,4293.54,CARD,CUSTOMER_ABANDONMENT,3,0,3.5,16,2026-02-22T11:00:00,0.4131,0
P100647,C397,6845.89,NETBANKING,NETWORK_FAILURE,2,1,8.5,27,2026-03-05T05:00:00,0.7769,1
P100648,C391,988.26,CARD,INSUFFICIENT_FUNDS,0,1,0.9,9,2026-01-03T07:00:00,0.3628,1
P100649,C445,19856.43,UPI,CUSTOMER_ABANDONMENT,2,1,16.2,23,2026-03-28T06:00:00,0.4008,0
P100650,C252,2842.8,CARD,EXPIRED_PAYMENT_METHOD,1,0,3.9,23,2026-03-14T13:00:00,0.6984,1
P100651,C532,64867.01,CARD,CUSTOMER_ABANDONMENT,3,1,7.9,10,2026-02-09T05:00:00,0.2218,1
P100652,C61,4697.66,NETBANKING,NETWORK_FAILURE,1,1,15.7,1,2026-03-26T19:00:00,0.6675,1
P100653,C275,9692.36,CARD,EXPIRED_PAYMENT_METHOD,1,2,13.2,14,2026-01-12T02:00:00,0.4568,0
P100654,C548,16789.93,EMI,BANK_TECHNICAL_FAILURE,0,1,2.1,13,2026-02-17T20:00:00,0.7053,1
P100655,C92,9503.79,CARD,NETWORK_FAILURE,0,4,13.8,25,2026-02-05T10:00:00,0.8099,1
P100656,C43,5948.92,CARD,BANK_TECHNICAL_FAILURE,0,0,54.9,3,2026-02-22T00:00:00,0.8869,1
P100657,C456,5711.05,CARD,UNKNOWN,3,0,9.4,7,2026-03-13T07:00:00,0.3602,0
P100658,C81,1800.63,CARD,BANK_TECHNICAL_FAILURE,1,0,10.0,3,2026-02-17T07:00:00,0.6641,0
P100659,C112,4709.01,UPI,UNKNOWN,0,1,38.5,9,2026-03-21T15:00:00,0.3607,1
P100660,C580,11339.1,WALLET,NETWORK_FAILURE,0,1,12.9,11,2026-02-12T19:00:00,0.8507,1
P100661,C24,3809.26,UPI,UNKNOWN,1,1,13.2,2,2026-02-19T07:00:00,0.1,0
P100662,C167,3197.97,UPI,BANK_TECHNICAL_FAILURE,1,2,53.7,21,2026-03-10T05:00:00,0.7929,1
P100663,C472,4590.52,UPI,NETWORK_FAILURE,1,2,8.4,28,2026-01-15T05:00:00,0.8014,1
P100664,C177,3246.73,NETBANKING,REPEATED_DECLINE,1,2,30.5,23,2026-01-16T02:00:00,0.1346,0
P100665,C63,3046.09,CARD,NETWORK_FAILURE,0,0,11.5,1,2026-03-29T05:00:00,0.762,0
P100666,C193,4747.34,UPI,NETWORK_FAILURE,1,0,4.7,22,2026-02-25T19:00:00,0.97,1
P100667,C350,2677.79,EMI,CUSTOMER_ABANDONMENT,2,0,3.6,7,2026-02-27T06:00:00,0.0671,0
P100668,C436,810.71,UPI,INSUFFICIENT_FUNDS,2,1,9.3,3,2026-02-07T13:00:00,0.3638,0
P100669,C208,561.04,UPI,CUSTOMER_ABANDONMENT,3,0,41.4,24,2026-01-22T00:00:00,0.2231,1
P100670,C133,2268.61,WALLET,BANK_TECHNICAL_FAILURE,0,1,5.1,9,2026-02-16T14:00:00,0.6927,1
P100671,C403,1256.6,UPI,CUSTOMER_ABANDONMENT,2,1,24.7,28,2026-01-03T08:00:00,0.2925,0
P100672,C582,11043.28,UPI,INSUFFICIENT_FUNDS,0,4,69.0,13,2026-02-26T12:00:00,0.5413,1
P100673,C585,641.26,CARD,BANK_TECHNICAL_FAILURE,0,1,14.8,16,2026-03-27T06:00:00,0.97,1
P100674,C430,660.62,UPI,REPEATED_DECLINE,2,3,21.6,7,2026-02-24T06:00:00,0.0677,0
P100675,C43,2596.26,CARD,NETWORK_FAILURE,2,0,20.5,18,2026-03-09T14:00:00,0.8105,1
P100676,C278,1238.72,CARD,INSUFFICIENT_FUNDS,2,1,46.0,21,2026-01-22T17:00:00,0.5437,0
P100677,C163,2142.33,UPI,UNKNOWN,2,1,11.4,8,2026-03-05T17:00:00,0.1581,0
P100678,C175,3080.13,UPI,REPEATED_DECLINE,2,3,64.8,12,2026-01-11T17:00:00,0.2275,0
P100679,C20,1993.16,UPI,INSUFFICIENT_FUNDS,1,2,33.7,13,2026-02-05T15:00:00,0.4585,0
P100680,C137,1717.24,UPI,NETWORK_FAILURE,2,1,1.9,25,2026-03-27T14:00:00,0.904,1
P100681,C423,6236.12,UPI,REPEATED_DECLINE,3,2,53.5,29,2026-01-29T12:00:00,0.224,0
P100682,C481,3129.43,CARD,BANK_TECHNICAL_FAILURE,0,0,29.4,8,2026-02-16T16:00:00,0.7696,0
P100683,C520,4025.5,NETBANKING,REPEATED_DECLINE,2,3,20.3,22,2026-02-10T21:00:00,0.0389,0
P100684,C152,4368.87,CARD,UNKNOWN,0,0,17.8,22,2026-01-22T21:00:00,0.5094,1
P100685,C316,5976.24,UPI,UNKNOWN,0,2,3.4,7,2026-02-16T23:00:00,0.461,1
P100686,C399,1878.93,CARD,INSUFFICIENT_FUNDS,2,0,8.4,16,2026-01-15T22:00:00,0.4391,1
P100687,C483,3241.97,WALLET,NETWORK_FAILURE,2,0,14.8,14,2026-01-21T21:00:00,0.6246,0
P100688,C93,10664.56,UPI,INSUFFICIENT_FUNDS,1,1,4.8,29,2026-02-08T15:00:00,0.4501,1
P100689,C190,2312.57,UPI,CUSTOMER_ABANDONMENT,3,0,0.8,3,2026-01-25T14:00:00,0.1276,0
P100690,C76,937.96,WALLET,CUSTOMER_ABANDONMENT,3,2,52.8,12,2026-02-17T16:00:00,0.0737,0
P100691,C488,922.0,CARD,UNKNOWN,0,3,12.3,22,2026-03-10T02:00:00,0.5762,1
P100692,C70,6333.16,UPI,NETWORK_FAILURE,0,3,42.9,9,2026-01-31T04:00:00,0.6262,1
P100693,C502,2883.61,UPI,BANK_TECHNICAL_FAILURE,1,0,1.4,28,2026-02-27T17:00:00,0.8079,1
P100694,C264,3673.21,UPI,NETWORK_FAILURE,0,3,10.9,26,2026-01-21T16:00:00,0.7951,1
P100695,C386,11153.51,NETBANKING,INSUFFICIENT_FUNDS,0,2,9.1,13,2026-01-28T09:00:00,0.4165,0
P100696,C562,2055.71,CARD,NETWORK_FAILURE,0,0,4.3,8,2026-03-06T00:00:00,0.7824,1
P100697,C202,4147.76,CARD,EXPIRED_PAYMENT_METHOD,2,1,30.0,11,2026-03-07T13:00:00,0.3765,0
P100698,C49,382.31,UPI,REPEATED_DECLINE,2,3,7.7,29,2026-02-22T18:00:00,0.143,0
P100699,C255,6729.88,CARD,REPEATED_DECLINE,3,0,11.3,14,2026-01-02T23:00:00,0.2627,0
P100700,C99,2119.41,CARD,BANK_TECHNICAL_FAILURE,2,0,48.0,29,2026-03-25T00:00:00,0.8325,1
P100701,C504,6488.23,CARD,BANK_TECHNICAL_FAILURE,1,1,39.9,9,2026-01-15T15:00:00,0.7679,1
P100702,C286,1439.81,UPI,REPEATED_DECLINE,1,1,34.0,8,2026-03-05T10:00:00,0.152,0
P100703,C209,3121.41,EMI,NETWORK_FAILURE,1,1,0.3,27,2026-01-16T15:00:00,0.8844,1
P100704,C587,1797.99,UPI,REPEATED_DECLINE,3,0,27.5,27,2026-03-06T09:00:00,0.2702,1
P100705,C152,27449.19,UPI,BANK_TECHNICAL_FAILURE,0,1,0.2,7,2026-01-29T17:00:00,0.8715,0
P100706,C576,25876.72,CARD,INSUFFICIENT_FUNDS,1,2,16.1,24,2026-02-13T09:00:00,0.3749,0
P100707,C62,16931.03,NETBANKING,CUSTOMER_ABANDONMENT,1,2,43.3,29,2026-02-24T02:00:00,0.2007,0
P100708,C176,243.09,UPI,BANK_TECHNICAL_FAILURE,3,2,3.6,22,2026-03-21T13:00:00,0.8901,1
P100709,C126,1390.77,CARD,INSUFFICIENT_FUNDS,0,2,48.2,18,2026-03-24T15:00:00,0.4864,1
P100710,C507,2836.56,CARD,NETWORK_FAILURE,2,3,6.8,23,2026-01-12T22:00:00,0.8135,0
P100711,C209,5527.04,UPI,INSUFFICIENT_FUNDS,3,1,26.7,24,2026-01-14T00:00:00,0.4056,0
P100712,C385,632.51,WALLET,NETWORK_FAILURE,2,1,14.2,27,2026-02-12T22:00:00,0.6887,1
P100713,C19,1649.15,CARD,INSUFFICIENT_FUNDS,0,1,6.3,21,2026-02-25T14:00:00,0.4183,1
P100714,C500,4736.79,UPI,INSUFFICIENT_FUNDS,3,0,0.9,15,2026-02-05T08:00:00,0.3748,0
P100715,C326,8693.13,CARD,INSUFFICIENT_FUNDS,1,1,54.5,13,2026-02-02T12:00:00,0.518,1
P100716,C558,3466.71,UPI,BANK_TECHNICAL_FAILURE,3,2,3.3,11,2026-01-29T06:00:00,0.8334,1
P100717,C441,2550.18,CARD,BANK_TECHNICAL_FAILURE,1,0,65.9,21,2026-02-21T18:00:00,0.9556,1
P100718,C495,3233.04,CARD,NETWORK_FAILURE,2,3,8.4,5,2026-01-09T05:00:00,0.6075,0
P100719,C264,916.67,CARD,EXPIRED_PAYMENT_METHOD,3,2,4.0,2,2026-01-08T03:00:00,0.3866,0
P100720,C244,5384.52,CARD,UNKNOWN,1,0,0.8,7,2026-03-13T01:00:00,0.2645,1
P100721,C287,861.75,CARD,BANK_TECHNICAL_FAILURE,0,0,11.6,26,2026-03-18T23:00:00,0.9203,1
P100722,C389,6098.59,CARD,INSUFFICIENT_FUNDS,1,1,0.5,1,2026-03-28T08:00:00,0.3932,0
P100723,C312,2054.32,UPI,BANK_TECHNICAL_FAILURE,0,3,8.5,21,2026-02-11T12:00:00,0.8668,1
P100724,C318,4732.56,UPI,REPEATED_DECLINE,0,0,46.1,9,2026-02-23T22:00:00,0.2099,0
P100725,C345,1030.3,CARD,BANK_TECHNICAL_FAILURE,2,1,15.6,3,2026-01-21T03:00:00,0.6867,0
P100726,C440,10347.42,CARD,BANK_TECHNICAL_FAILURE,3,2,12.6,10,2026-02-14T00:00:00,0.869,1
P100727,C161,6243.96,WALLET,CUSTOMER_ABANDONMENT,1,2,29.3,16,2026-02-13T09:00:00,0.3222,1
P100728,C355,11777.63,CARD,INSUFFICIENT_FUNDS,3,0,37.1,8,2026-02-23T19:00:00,0.2615,0
P100729,C218,1169.07,CARD,CUSTOMER_ABANDONMENT,1,1,11.1,11,2026-03-23T18:00:00,0.3539,0
P100730,C14,3569.81,CARD,REPEATED_DECLINE,2,0,1.4,14,2026-01-15T11:00:00,0.3159,0
P100731,C267,3493.69,CARD,EXPIRED_PAYMENT_METHOD,3,1,28.6,16,2026-03-01T13:00:00,0.4013,0
P100732,C342,2473.03,CARD,CUSTOMER_ABANDONMENT,2,4,13.8,21,2026-02-19T01:00:00,0.2238,0
P100733,C287,3200.38,NETBANKING,NETWORK_FAILURE,2,1,2.5,16,2026-02-01T15:00:00,0.6382,1
P100734,C176,770.52,UPI,REPEATED_DECLINE,0,1,3.5,23,2026-01-08T20:00:00,0.3021,1
P100735,C155,13465.37,UPI,EXPIRED_PAYMENT_METHOD,1,0,9.9,14,2026-03-27T04:00:00,0.5318,0
P100736,C152,6239.36,CARD,CUSTOMER_ABANDONMENT,3,0,2.4,20,2026-01-01T15:00:00,0.3163,0
P100737,C401,13150.96,UPI,UNKNOWN,1,0,10.4,18,2026-03-18T21:00:00,0.4036,0
P100738,C45,380.17,CARD,INSUFFICIENT_FUNDS,1,1,3.2,4,2026-03-23T13:00:00,0.4372,0
P100739,C79,3727.66,CARD,BANK_TECHNICAL_FAILURE,3,2,0.2,24,2026-02-03T00:00:00,0.8212,1
P100740,C540,1286.16,CARD,BANK_TECHNICAL_FAILURE,3,2,4.2,19,2026-03-23T12:00:00,0.6687,0
P100741,C131,3885.52,CARD,REPEATED_DECLINE,2,1,16.4,13,2026-02-21T15:00:00,0.2465,0
P100742,C413,2529.67,CARD,EXPIRED_PAYMENT_METHOD,3,3,5.1,26,2026-03-14T19:00:00,0.3424,0
P100743,C110,6823.06,CARD,REPEATED_DECLINE,2,0,7.9,29,2026-02-07T13:00:00,0.3839,0
P100744,C322,5310.17,NETBANKING,CUSTOMER_ABANDONMENT,3,3,0.1,21,2026-02-14T17:00:00,0.0615,0
P100745,C292,2081.07,WALLET,INSUFFICIENT_FUNDS,1,2,0.1,10,2026-02-04T15:00:00,0.3139,0
P100746,C415,516.34,UPI,BANK_TECHNICAL_FAILURE,3,0,46.9,6,2026-03-13T09:00:00,0.7755,1
P100747,C262,1489.43,EMI,NETWORK_FAILURE,2,1,5.4,24,2026-03-11T10:00:00,0.7969,1
P100748,C382,107.98,CARD,UNKNOWN,2,1,14.3,8,2026-01-24T21:00:00,0.1634,0
P100749,C312,390.47,UPI,CUSTOMER_ABANDONMENT,3,1,10.5,22,2026-02-14T18:00:00,0.3649,0
P100750,C244,2807.15,CARD,INSUFFICIENT_FUNDS,1,0,8.2,9,2026-01-29T14:00:00,0.3082,1
P100751,C144,4150.89,UPI,NETWORK_FAILURE,2,1,26.1,6,2026-01-17T06:00:00,0.5998,1
P100752,C204,4790.08,UPI,CUSTOMER_ABANDONMENT,2,0,5.0,23,2026-01-05T01:00:00,0.3876,0
P100753,C451,1453.15,CARD,EXPIRED_PAYMENT_METHOD,3,0,16.3,24,2026-03-19T02:00:00,0.486,1
P100754,C224,1020.19,CARD,NETWORK_FAILURE,1,1,15.2,3,2026-03-16T02:00:00,0.732,0
P100755,C1,4037.01,CARD,CUSTOMER_ABANDONMENT,1,3,14.5,1,2026-02-18T17:00:00,0.2413,0
P100756,C342,1225.86,CARD,UNKNOWN,3,3,0.3,9,2026-02-01T07:00:00,0.2513,0
P100757,C441,2934.97,CARD,NETWORK_FAILURE,3,0,5.8,4,2026-02-03T23:00:00,0.7968,1
P100758,C265,417.68,CARD,UNKNOWN,0,1,3.4,13,2026-03-20T15:00:00,0.3534,0
P100759,C47,1877.82,UPI,INSUFFICIENT_FUNDS,3,2,17.7,20,2026-02-18T15:00:00,0.2514,0
P100760,C13,1641.88,CARD,NETWORK_FAILURE,2,1,27.8,2,2026-02-04T03:00:00,0.6876,1
P100761,C385,544.86,UPI,INSUFFICIENT_FUNDS,3,2,34.5,29,2026-01-03T18:00:00,0.3567,0
P100762,C412,2995.77,UPI,INSUFFICIENT_FUNDS,2,3,20.4,18,2026-02-22T00:00:00,0.4568,1
P100763,C342,6176.05,UPI,BANK_TECHNICAL_FAILURE,3,1,93.5,13,2026-03-03T17:00:00,0.7765,1
P100764,C200,13519.91,CARD,REPEATED_DECLINE,2,1,27.3,12,2026-01-25T04:00:00,0.3207,0
P100765,C405,1892.41,UPI,INSUFFICIENT_FUNDS,0,0,5.0,8,2026-02-19T05:00:00,0.3304,0
P100766,C546,2575.82,UPI,INSUFFICIENT_FUNDS,1,0,45.3,2,2026-03-08T16:00:00,0.4529,1
P100767,C420,727.2,CARD,INSUFFICIENT_FUNDS,0,2,0.3,29,2026-01-24T12:00:00,0.3109,0
P100768,C572,3898.96,UPI,UNKNOWN,0,1,0.5,3,2026-01-30T15:00:00,0.3894,1
P100769,C393,1526.63,CARD,REPEATED_DECLINE,1,3,4.4,27,2026-02-04T12:00:00,0.2272,0
P100770,C110,1603.69,CARD,INSUFFICIENT_FUNDS,0,4,4.2,28,2026-03-16T14:00:00,0.4115,1
P100771,C566,3596.41,CARD,EXPIRED_PAYMENT_METHOD,3,3,20.6,10,2026-02-08T12:00:00,0.2766,0
P100772,C512,1025.71,NETBANKING,INSUFFICIENT_FUNDS,3,0,19.2,7,2026-01-01T10:00:00,0.2549,0
P100773,C44,313.85,CARD,NETWORK_FAILURE,2,1,12.6,2,2026-01-20T08:00:00,0.6264,1
P100774,C437,12494.99,UPI,NETWORK_FAILURE,1,0,18.1,1,2026-02-07T05:00:00,0.812,0
P100775,C581,354.32,NETBANKING,BANK_TECHNICAL_FAILURE,2,2,11.1,13,2026-01-10T10:00:00,0.6344,1
P100776,C172,11523.58,UPI,BANK_TECHNICAL_FAILURE,1,3,6.6,12,2026-02-27T07:00:00,0.8877,1
P100777,C428,2432.72,NETBANKING,EXPIRED_PAYMENT_METHOD,0,3,28.2,14,2026-03-25T10:00:00,0.266,0
P100778,C453,10814.87,WALLET,NETWORK_FAILURE,0,3,11.3,16,2026-01-05T23:00:00,0.8176,1
P100779,C296,664.76,WALLET,NETWORK_FAILURE,1,1,0.2,24,2026-03-11T19:00:00,0.6753,1
P100780,C131,1491.77,UPI,UNKNOWN,3,2,0.0,18,2026-01-22T16:00:00,0.3323,0
P100781,C178,2954.14,CARD,INSUFFICIENT_FUNDS,1,2,5.2,21,2026-02-04T19:00:00,0.4742,0
P100782,C519,704.02,CARD,NETWORK_FAILURE,2,1,112.2,23,2026-02-08T15:00:00,0.6598,1
P100783,C129,5621.47,CARD,EXPIRED_PAYMENT_METHOD,3,2,8.2,7,2026-03-30T00:00:00,0.2889,0
P100784,C541,3025.23,WALLET,REPEATED_DECLINE,1,3,21.6,17,2026-03-21T09:00:00,0.1468,0
P100785,C111,2792.1,WALLET,BANK_TECHNICAL_FAILURE,2,0,20.4,25,2026-01-12T07:00:00,0.847,1
P100786,C119,1219.23,CARD,UNKNOWN,2,1,9.2,16,2026-03-30T01:00:00,0.2519,1
P100787,C415,651.31,UPI,BANK_TECHNICAL_FAILURE,2,2,31.7,7,2026-01-10T04:00:00,0.6442,1
P100788,C64,28075.46,CARD,EXPIRED_PAYMENT_METHOD,1,0,16.9,11,2026-02-10T16:00:00,0.5793,1
P100789,C441,861.54,UPI,REPEATED_DECLINE,0,0,8.2,28,2026-03-17T14:00:00,0.2622,0
P100790,C334,3393.51,WALLET,REPEATED_DECLINE,1,0,63.5,7,2026-02-22T09:00:00,0.02,0
P100791,C201,3029.46,UPI,REPEATED_DECLINE,2,0,41.7,2,2026-02-02T01:00:00,0.2619,0
P100792,C128,1330.44,UPI,UNKNOWN,2,2,9.3,9,2026-02-19T20:00:00,0.266,0
P100793,C189,5762.3,CARD,INSUFFICIENT_FUNDS,1,1,23.9,27,2026-01-24T00:00:00,0.4754,0
P100794,C537,2556.59,UPI,NETWORK_FAILURE,0,4,5.4,8,2026-02-01T00:00:00,0.7054,1
P100795,C118,17178.89,CARD,NETWORK_FAILURE,0,2,5.1,25,2026-03-28T19:00:00,0.8111,1
P100796,C111,920.17,NETBANKING,NETWORK_FAILURE,2,2,25.7,28,2026-03-09T23:00:00,0.6928,1
P100797,C321,1468.06,CARD,CUSTOMER_ABANDONMENT,1,3,1.7,19,2026-03-25T05:00:00,0.3299,0
P100798,C435,2299.75,CARD,INSUFFICIENT_FUNDS,2,0,50.3,25,2026-01-24T07:00:00,0.3765,1
P100799,C596,4653.43,CARD,NETWORK_FAILURE,1,3,22.2,7,2026-01-22T08:00:00,0.6482,0
P100800,C99,6773.07,NETBANKING,INSUFFICIENT_FUNDS,2,1,10.1,6,2026-01-25T02:00:00,0.2306,0
P100801,C94,5407.23,UPI,INSUFFICIENT_FUNDS,0,0,11.0,9,2026-02-24T16:00:00,0.4221,1
P100802,C591,3428.84,UPI,INSUFFICIENT_FUNDS,3,0,18.4,6,2026-03-31T12:00:00,0.2319,0
P100803,C216,4499.63,CARD,INSUFFICIENT_FUNDS,0,0,12.3,4,2026-01-13T10:00:00,0.3494,0
P100804,C42,13601.07,UPI,INSUFFICIENT_FUNDS,2,2,2.9,22,2026-03-16T11:00:00,0.3493,0
P100805,C348,5987.74,CARD,REPEATED_DECLINE,3,1,8.6,10,2026-03-29T17:00:00,0.0705,0
P100806,C397,5877.27,UPI,UNKNOWN,1,1,28.4,13,2026-02-05T09:00:00,0.3947,1
P100807,C381,4928.41,WALLET,INSUFFICIENT_FUNDS,0,0,42.7,28,2026-03-27T10:00:00,0.4553,1
P100808,C271,1478.48,UPI,INSUFFICIENT_FUNDS,2,0,14.0,29,2026-03-05T10:00:00,0.4273,1
P100809,C345,2824.37,CARD,REPEATED_DECLINE,1,1,76.1,24,2026-03-22T12:00:00,0.2588,1
P100810,C102,6633.49,UPI,UNKNOWN,1,1,10.0,29,2026-01-04T06:00:00,0.4738,1
P100811,C466,13316.92,CARD,REPEATED_DECLINE,3,2,16.9,3,2026-02-27T14:00:00,0.02,0
P100812,C103,6089.27,NETBANKING,BANK_TECHNICAL_FAILURE,0,1,1.5,7,2026-02-20T23:00:00,0.7682,1
P100813,C331,2607.33,UPI,BANK_TECHNICAL_FAILURE,3,0,1.9,21,2026-03-23T08:00:00,0.8458,1
P100814,C444,4379.57,UPI,NETWORK_FAILURE,0,0,29.9,1,2026-01-15T11:00:00,0.7841,0
P100815,C299,835.67,UPI,UNKNOWN,1,0,55.2,16,2026-01-31T02:00:00,0.311,0
P100816,C250,1350.86,CARD,NETWORK_FAILURE,2,3,30.9,20,2026-02-14T16:00:00,0.7986,1
P100817,C504,5432.91,CARD,UNKNOWN,1,1,12.0,3,2026-03-02T05:00:00,0.3481,0
P100818,C44,1612.38,UPI,CUSTOMER_ABANDONMENT,2,3,3.5,20,2026-02-22T22:00:00,0.3198,0
P100819,C585,2024.02,UPI,EXPIRED_PAYMENT_METHOD,3,2,57.1,19,2026-01-27T11:00:00,0.3396,0
P100820,C393,889.24,CARD,BANK_TECHNICAL_FAILURE,3,0,25.3,16,2026-03-01T00:00:00,0.7877,1
P100821,C185,1876.33,CARD,UNKNOWN,2,1,0.3,14,2026-03-21T09:00:00,0.3898,0
P100822,C390,2152.19,UPI,UNKNOWN,3,0,17.6,20,2026-01-28T16:00:00,0.2801,0
P100823,C553,3525.08,CARD,REPEATED_DECLINE,3,0,41.9,29,2026-03-26T18:00:00,0.3647,1
P100824,C161,2481.27,CARD,UNKNOWN,3,3,36.1,17,2026-03-01T06:00:00,0.1757,0
P100825,C347,3439.09,UPI,CUSTOMER_ABANDONMENT,2,1,60.6,24,2026-02-07T11:00:00,0.3585,1
P100826,C233,5857.92,CARD,INSUFFICIENT_FUNDS,0,1,4.1,17,2026-03-16T10:00:00,0.5123,0
P100827,C417,2445.87,CARD,REPEATED_DECLINE,3,1,80.8,27,2026-02-06T09:00:00,0.1246,0
P100828,C377,3628.13,WALLET,NETWORK_FAILURE,2,0,0.3,25,2026-03-11T23:00:00,0.7048,1
P100829,C241,5558.31,UPI,INSUFFICIENT_FUNDS,2,2,27.1,23,2026-02-15T01:00:00,0.2965,0
P100830,C6,1227.01,CARD,NETWORK_FAILURE,2,0,20.2,8,2026-02-02T21:00:00,0.7823,1
P100831,C217,387.27,NETBANKING,REPEATED_DECLINE,0,1,58.6,13,2026-01-04T10:00:00,0.168,0
P100832,C12,35246.67,CARD,UNKNOWN,2,0,12.1,3,2026-01-17T10:00:00,0.2823,0
P100833,C582,10318.64,UPI,REPEATED_DECLINE,3,2,60.1,11,2026-02-28T11:00:00,0.1525,0
P100834,C133,2064.87,UPI,REPEATED_DECLINE,3,0,107.5,27,2026-01-28T10:00:00,0.02,0
P100835,C104,3301.06,CARD,EXPIRED_PAYMENT_METHOD,0,2,7.6,21,2026-03-26T22:00:00,0.4679,1
P100836,C265,4899.57,CARD,INSUFFICIENT_FUNDS,3,1,21.3,4,2026-02-02T13:00:00,0.2524,1
P100837,C318,345.18,CARD,CUSTOMER_ABANDONMENT,3,2,0.1,11,2026-02-11T02:00:00,0.3762,0
P100838,C589,2325.53,CARD,CUSTOMER_ABANDONMENT,2,1,17.6,11,2026-03-30T21:00:00,0.3816,0
P100839,C579,1935.24,CARD,BANK_TECHNICAL_FAILURE,0,2,4.1,28,2026-02-27T01:00:00,0.97,1
P100840,C501,1089.77,WALLET,NETWORK_FAILURE,0,0,8.1,20,2026-01-31T21:00:00,0.8339,1
P100841,C372,3849.39,NETBANKING,CUSTOMER_ABANDONMENT,3,1,23.1,14,2026-01-10T16:00:00,0.2861,1
P100842,C446,1377.39,CARD,INSUFFICIENT_FUNDS,1,1,33.1,6,2026-01-29T22:00:00,0.3429,0
P100843,C78,14907.31,UPI,INSUFFICIENT_FUNDS,0,2,5.6,9,2026-01-19T17:00:00,0.4453,0
P100844,C23,5194.18,CARD,INSUFFICIENT_FUNDS,2,2,40.1,13,2026-02-11T02:00:00,0.4117,0
P100845,C146,6544.94,CARD,UNKNOWN,3,0,7.1,14,2026-03-07T14:00:00,0.3924,0
P100846,C489,15562.06,CARD,NETWORK_FAILURE,3,2,0.9,12,2026-03-12T07:00:00,0.7777,1
P100847,C54,3272.34,CARD,BANK_TECHNICAL_FAILURE,3,0,82.1,17,2026-02-14T01:00:00,0.7821,1
P100848,C320,6345.0,CARD,CUSTOMER_ABANDONMENT,0,0,8.7,10,2026-02-13T00:00:00,0.3644,1
P100849,C339,1301.33,CARD,REPEATED_DECLINE,0,0,21.4,3,2026-03-06T09:00:00,0.247,1
P100850,C222,1983.87,UPI,BANK_TECHNICAL_FAILURE,0,2,14.4,20,2026-02-15T14:00:00,0.9423,0
P100851,C405,2957.06,CARD,INSUFFICIENT_FUNDS,1,1,12.2,28,2026-03-10T16:00:00,0.4945,0
P100852,C452,4098.74,UPI,BANK_TECHNICAL_FAILURE,1,1,18.3,25,2026-02-21T01:00:00,0.9243,1
P100853,C467,2238.22,UPI,REPEATED_DECLINE,3,2,4.8,26,2026-01-22T10:00:00,0.2365,1
P100854,C96,8406.92,UPI,BANK_TECHNICAL_FAILURE,1,0,16.9,25,2026-02-05T20:00:00,0.8805,1
P100855,C551,1817.82,CARD,BANK_TECHNICAL_FAILURE,3,4,43.3,5,2026-03-13T19:00:00,0.5226,1
P100856,C178,4726.42,WALLET,INSUFFICIENT_FUNDS,2,1,19.1,3,2026-03-01T08:00:00,0.1409,0
P100857,C481,11511.71,CARD,REPEATED_DECLINE,3,2,26.5,10,2026-01-13T05:00:00,0.1038,0
P100858,C570,3055.35,CARD,REPEATED_DECLINE,1,1,32.6,8,2026-03-23T20:00:00,0.1952,0
P100859,C230,21702.28,EMI,UNKNOWN,3,1,69.8,7,2026-03-11T19:00:00,0.1103,0
P100860,C54,2575.57,UPI,EXPIRED_PAYMENT_METHOD,1,3,20.5,1,2026-01-06T18:00:00,0.4214,1
P100861,C343,2430.5,CARD,NETWORK_FAILURE,2,1,45.2,1,2026-01-17T02:00:00,0.738,1
P100862,C538,3927.72,UPI,REPEATED_DECLINE,2,3,4.5,8,2026-01-13T04:00:00,0.1745,0
P100863,C362,2670.09,WALLET,INSUFFICIENT_FUNDS,0,0,10.3,23,2026-02-04T20:00:00,0.3096,0
P100864,C15,6329.32,CARD,CUSTOMER_ABANDONMENT,0,1,4.1,5,2026-03-20T17:00:00,0.2724,0
P100865,C232,1897.89,NETBANKING,REPEATED_DECLINE,0,0,22.8,5,2026-03-06T23:00:00,0.2402,0
P100866,C72,129.62,CARD,NETWORK_FAILURE,0,1,54.7,3,2026-03-05T13:00:00,0.7779,1
P100867,C119,705.4,CARD,INSUFFICIENT_FUNDS,1,1,13.8,13,2026-03-23T03:00:00,0.4142,1
P100868,C202,10756.05,CARD,REPEATED_DECLINE,3,1,10.5,8,2026-02-15T01:00:00,0.2362,0
P100869,C470,2350.49,UPI,INSUFFICIENT_FUNDS,1,2,26.7,9,2026-01-01T15:00:00,0.2708,0
P100870,C371,14213.55,EMI,INSUFFICIENT_FUNDS,1,1,10.6,1,2026-01-13T17:00:00,0.3265,0
P100871,C282,1438.59,CARD,CUSTOMER_ABANDONMENT,3,1,4.1,9,2026-01-07T04:00:00,0.1783,0
P100872,C298,7111.53,UPI,CUSTOMER_ABANDONMENT,2,0,6.2,1,2026-02-15T02:00:00,0.1179,0
P100873,C407,283.47,UPI,NETWORK_FAILURE,1,0,11.1,12,2026-01-22T22:00:00,0.8698,1
P100874,C289,7709.26,CARD,CUSTOMER_ABANDONMENT,2,1,9.7,14,2026-03-19T22:00:00,0.3236,0
P100875,C507,14007.41,CARD,BANK_TECHNICAL_FAILURE,0,3,36.0,10,2026-02-27T11:00:00,0.6703,1
P100876,C585,5882.68,EMI,BANK_TECHNICAL_FAILURE,2,2,8.3,23,2026-02-02T21:00:00,0.7241,0
P100877,C73,19055.35,EMI,NETWORK_FAILURE,3,1,28.1,15,2026-01-03T16:00:00,0.7033,0
P100878,C489,10655.69,UPI,BANK_TECHNICAL_FAILURE,0,2,22.6,7,2026-03-29T16:00:00,0.9431,1
P100879,C55,4385.36,NETBANKING,INSUFFICIENT_FUNDS,1,4,33.6,1,2026-03-16T10:00:00,0.1762,1
P100880,C216,4731.49,CARD,EXPIRED_PAYMENT_METHOD,1,1,31.5,10,2026-02-20T11:00:00,0.2574,1
P100881,C544,2619.26,CARD,NETWORK_FAILURE,0,1,1.3,3,2026-02-06T18:00:00,0.6596,1
P100882,C284,953.5,WALLET,REPEATED_DECLINE,0,4,8.5,27,2026-03-19T03:00:00,0.207,0
P100883,C109,25014.12,UPI,INSUFFICIENT_FUNDS,3,2,14.4,3,2026-01-29T22:00:00,0.2395,0
P100884,C117,2901.85,NETBANKING,REPEATED_DECLINE,2,0,8.9,24,2026-02-12T00:00:00,0.307,1
P100885,C537,2608.85,CARD,INSUFFICIENT_FUNDS,0,2,31.9,2,2026-02-18T17:00:00,0.3744,1
P100886,C50,5128.72,UPI,INSUFFICIENT_FUNDS,0,2,41.4,5,2026-02-13T05:00:00,0.261,0
P100887,C564,12043.23,CARD,REPEATED_DECLINE,2,2,7.7,23,2026-02-12T16:00:00,0.2952,0
P100888,C89,8948.44,UPI,EXPIRED_PAYMENT_METHOD,0,3,46.6,14,2026-03-28T06:00:00,0.4773,0
P100889,C237,2352.02,CARD,REPEATED_DECLINE,1,1,1.6,12,2026-03-04T14:00:00,0.3552,0
P100890,C450,2155.76,CARD,UNKNOWN,1,0,21.9,16,2026-01-05T11:00:00,0.5491,1
P100891,C163,13180.34,CARD,INSUFFICIENT_FUNDS,1,1,36.0,22,2026-02-12T07:00:00,0.3803,0
P100892,C97,1988.52,CARD,INSUFFICIENT_FUNDS,0,3,4.5,28,2026-02-25T02:00:00,0.2746,0
P100893,C167,725.09,CARD,BANK_TECHNICAL_FAILURE,0,3,74.8,10,2026-01-04T06:00:00,0.7188,1
P100894,C368,689.66,UPI,UNKNOWN,1,3,15.3,4,2026-01-27T07:00:00,0.2969,1
P100895,C423,3743.78,UPI,INSUFFICIENT_FUNDS,1,0,15.9,14,2026-01-15T15:00:00,0.3822,0
P100896,C184,1820.39,NETBANKING,NETWORK_FAILURE,1,1,36.0,1,2026-03-27T02:00:00,0.6581,1
P100897,C259,3330.44,UPI,UNKNOWN,0,2,18.4,26,2026-01-30T12:00:00,0.5344,0
P100898,C228,6129.44,EMI,REPEATED_DECLINE,0,2,23.8,24,2026-02-23T17:00:00,0.2248,1
P100899,C147,10575.13,UPI,REPEATED_DECLINE,1,1,1.0,17,2026-01-03T14:00:00,0.3029,0
P100900,C113,10883.14,CARD,NETWORK_FAILURE,2,1,15.8,17,2026-03-05T10:00:00,0.8649,1
P100901,C117,1696.29,WALLET,INSUFFICIENT_FUNDS,0,2,9.7,7,2026-03-18T12:00:00,0.234,0
P100902,C130,4901.14,WALLET,EXPIRED_PAYMENT_METHOD,1,0,38.5,27,2026-03-24T22:00:00,0.4914,0
P100903,C12,9471.13,CARD,INSUFFICIENT_FUNDS,0,4,67.7,6,2026-01-10T04:00:00,0.4048,0
P100904,C576,914.57,CARD,EXPIRED_PAYMENT_METHOD,1,1,4.4,16,2026-02-05T07:00:00,0.6499,0
P100905,C79,1580.39,UPI,INSUFFICIENT_FUNDS,2,0,62.5,13,2026-01-02T04:00:00,0.5261,0
P100906,C337,662.76,UPI,INSUFFICIENT_FUNDS,3,1,6.4,23,2026-01-16T10:00:00,0.3292,0
P100907,C485,4734.02,CARD,REPEATED_DECLINE,1,0,3.9,10,2026-03-03T00:00:00,0.2865,0
P100908,C280,8322.04,CARD,NETWORK_FAILURE,2,1,19.9,1,2026-02-25T03:00:00,0.7518,0
P100909,C252,5000.52,UPI,INSUFFICIENT_FUNDS,1,0,0.2,17,2026-03-17T06:00:00,0.5462,0
P100910,C9,1801.11,NETBANKING,REPEATED_DECLINE,2,0,75.1,13,2026-02-15T15:00:00,0.02,0
P100911,C144,8608.84,EMI,NETWORK_FAILURE,2,1,4.6,5,2026-02-10T05:00:00,0.6265,1
P100912,C19,2445.13,UPI,REPEATED_DECLINE,3,3,9.4,5,2026-03-29T04:00:00,0.0413,0
P100913,C333,2159.53,CARD,BANK_TECHNICAL_FAILURE,3,1,17.7,14,2026-03-25T12:00:00,0.7554,1
P100914,C521,1705.54,CARD,BANK_TECHNICAL_FAILURE,3,2,4.6,6,2026-03-08T17:00:00,0.6837,1
P100915,C524,1273.31,UPI,NETWORK_FAILURE,3,2,53.0,9,2026-02-24T22:00:00,0.5659,1
P100916,C232,2149.79,CARD,INSUFFICIENT_FUNDS,2,0,18.3,15,2026-03-19T10:00:00,0.3553,0
P100917,C266,2121.23,EMI,BANK_TECHNICAL_FAILURE,2,0,27.6,12,2026-01-19T07:00:00,0.5289,0
P100918,C328,1440.6,UPI,EXPIRED_PAYMENT_METHOD,0,1,10.1,19,2026-02-10T21:00:00,0.542,0
P100919,C542,2873.07,UPI,BANK_TECHNICAL_FAILURE,1,3,21.3,12,2026-01-26T10:00:00,0.8946,1
P100920,C153,262.04,WALLET,INSUFFICIENT_FUNDS,0,2,5.3,18,2026-01-19T09:00:00,0.4091,0
P100921,C229,2905.93,CARD,INSUFFICIENT_FUNDS,3,0,60.6,6,2026-01-22T04:00:00,0.4076,0
P100922,C556,6252.03,UPI,BANK_TECHNICAL_FAILURE,2,0,1.7,27,2026-02-02T20:00:00,0.8323,1
P100923,C533,14156.1,UPI,UNKNOWN,3,2,59.5,29,2026-01-23T16:00:00,0.3141,0
P100924,C80,4797.84,CARD,UNKNOWN,3,2,6.8,23,2026-01-07T22:00:00,0.212,0
P100925,C248,14092.71,UPI,NETWORK_FAILURE,0,0,12.1,25,2026-02-26T07:00:00,0.8451,1
P100926,C277,493.31,UPI,CUSTOMER_ABANDONMENT,2,0,55.2,14,2026-01-16T19:00:00,0.386,0
P100927,C244,4554.35,CARD,UNKNOWN,1,1,48.4,28,2026-01-08T17:00:00,0.2956,0
P100928,C23,970.33,CARD,CUSTOMER_ABANDONMENT,0,3,18.8,14,2026-03-19T04:00:00,0.1901,0
P100929,C127,32439.64,WALLET,CUSTOMER_ABANDONMENT,0,2,19.5,26,2026-03-04T20:00:00,0.2724,1
P100930,C574,354.41,UPI,BANK_TECHNICAL_FAILURE,3,0,0.5,21,2026-02-02T16:00:00,0.8731,1
P100931,C290,1776.45,CARD,BANK_TECHNICAL_FAILURE,2,2,2.0,20,2026-03-14T23:00:00,0.8194,1
P100932,C398,1843.74,CARD,REPEATED_DECLINE,0,0,15.4,18,2026-01-14T00:00:00,0.3045,1
P100933,C366,306.27,CARD,INSUFFICIENT_FUNDS,0,3,6.8,26,2026-03-11T14:00:00,0.4545,0
P100934,C274,1415.89,UPI,CUSTOMER_ABANDONMENT,0,1,1.8,20,2026-03-07T10:00:00,0.4019,0
P100935,C451,6571.56,CARD,INSUFFICIENT_FUNDS,0,2,11.4,19,2026-03-26T20:00:00,0.391,0
P100936,C256,1034.21,CARD,BANK_TECHNICAL_FAILURE,0,0,26.7,27,2026-03-07T04:00:00,0.9072,1
P100937,C235,408.5,UPI,REPEATED_DECLINE,3,0,5.8,8,2026-03-27T10:00:00,0.1931,0
P100938,C449,28112.25,CARD,NETWORK_FAILURE,3,0,19.1,20,2026-03-14T18:00:00,0.8668,1
P100939,C497,2083.05,NETBANKING,BANK_TECHNICAL_FAILURE,2,2,8.0,7,2026-01-19T00:00:00,0.5461,0
P100940,C533,1889.97,UPI,EXPIRED_PAYMENT_METHOD,3,2,15.9,16,2026-02-05T15:00:00,0.4994,0
P100941,C354,616.25,CARD,REPEATED_DECLINE,1,4,43.3,15,2026-03-25T12:00:00,0.2768,0
P100942,C334,11794.59,UPI,CUSTOMER_ABANDONMENT,0,1,2.5,28,2026-03-28T04:00:00,0.4123,1
P100943,C543,20217.28,NETBANKING,BANK_TECHNICAL_FAILURE,0,0,14.5,2,2026-01-17T17:00:00,0.6179,1
P100944,C542,3588.66,UPI,CUSTOMER_ABANDONMENT,2,0,20.9,11,2026-01-06T19:00:00,0.5459,0
P100945,C4,1521.03,CARD,REPEATED_DECLINE,1,4,39.6,13,2026-03-13T20:00:00,0.2389,0
P100946,C144,467.0,NETBANKING,BANK_TECHNICAL_FAILURE,1,3,45.8,27,2026-03-14T10:00:00,0.9061,1
P100947,C212,2178.66,CARD,INSUFFICIENT_FUNDS,2,1,7.3,19,2026-02-23T01:00:00,0.3966,1
P100948,C202,5989.96,UPI,INSUFFICIENT_FUNDS,2,2,47.1,8,2026-03-01T19:00:00,0.2815,0
P100949,C371,1711.89,NETBANKING,INSUFFICIENT_FUNDS,0,0,10.0,19,2026-02-09T10:00:00,0.2385,1
P100950,C442,2620.75,CARD,REPEATED_DECLINE,0,0,20.6,2,2026-02-17T18:00:00,0.2501,0
P100951,C238,8811.2,CARD,REPEATED_DECLINE,2,3,1.4,8,2026-03-01T04:00:00,0.0967,0
P100952,C244,2552.79,UPI,INSUFFICIENT_FUNDS,0,2,2.2,12,2026-01-20T11:00:00,0.4394,1
P100953,C500,5997.25,CARD,INSUFFICIENT_FUNDS,0,1,13.7,28,2026-01-06T05:00:00,0.5338,1
P100954,C324,1988.44,UPI,INSUFFICIENT_FUNDS,2,2,2.1,10,2026-03-11T02:00:00,0.3857,1
P100955,C405,5219.68,EMI,BANK_TECHNICAL_FAILURE,2,0,0.1,18,2026-02-05T23:00:00,0.7834,0
P100956,C562,1773.62,CARD,INSUFFICIENT_FUNDS,3,0,38.1,13,2026-02-14T15:00:00,0.5335,1
P100957,C163,6663.19,UPI,REPEATED_DECLINE,3,1,26.2,13,2026-02-12T09:00:00,0.3024,0
P100958,C279,25336.97,CARD,NETWORK_FAILURE,2,0,10.7,29,2026-03-17T03:00:00,0.8569,1
P100959,C9,2678.3,UPI,INSUFFICIENT_FUNDS,0,0,2.3,16,2026-01-09T13:00:00,0.5586,0
P100960,C210,2990.36,CARD,CUSTOMER_ABANDONMENT,2,0,42.4,21,2026-01-06T05:00:00,0.3823,1
P100961,C186,1598.22,NETBANKING,NETWORK_FAILURE,3,0,6.6,11,2026-02-02T04:00:00,0.7864,0
P100962,C314,17651.92,CARD,BANK_TECHNICAL_FAILURE,0,1,4.5,18,2026-03-19T22:00:00,0.7432,0
P100963,C462,2056.96,UPI,CUSTOMER_ABANDONMENT,0,0,13.8,10,2026-02-18T22:00:00,0.2562,0
P100964,C576,8505.99,WALLET,INSUFFICIENT_FUNDS,3,0,37.1,26,2026-02-15T03:00:00,0.5419,0
P100965,C14,4755.05,CARD,EXPIRED_PAYMENT_METHOD,2,0,32.8,28,2026-03-22T02:00:00,0.4919,1
P100966,C275,455.93,CARD,BANK_TECHNICAL_FAILURE,1,1,35.8,16,2026-02-23T12:00:00,0.9496,1
P100967,C93,4619.05,CARD,REPEATED_DECLINE,3,1,30.7,12,2026-02-14T22:00:00,0.2875,0
P100968,C68,3973.45,CARD,REPEATED_DECLINE,1,2,20.0,9,2026-02-21T13:00:00,0.1626,1
P100969,C450,423.22,UPI,CUSTOMER_ABANDONMENT,3,0,15.6,9,2026-03-03T05:00:00,0.167,0
P100970,C127,11540.45,CARD,CUSTOMER_ABANDONMENT,0,1,46.1,18,2026-01-02T09:00:00,0.3693,0
P100971,C394,1728.71,UPI,REPEATED_DECLINE,2,0,5.0,27,2026-01-10T23:00:00,0.3621,0
P100972,C39,2970.48,CARD,BANK_TECHNICAL_FAILURE,0,4,38.7,19,2026-01-31T13:00:00,0.97,1
P100973,C295,100.36,CARD,INSUFFICIENT_FUNDS,1,1,7.2,5,2026-02-03T14:00:00,0.383,0
P100974,C129,10948.93,CARD,INSUFFICIENT_FUNDS,2,0,14.7,7,2026-03-30T03:00:00,0.3898,1
P100975,C272,2606.8,CARD,BANK_TECHNICAL_FAILURE,2,1,25.1,17,2026-03-13T07:00:00,0.8858,1
P100976,C409,4847.51,CARD,UNKNOWN,0,0,2.3,5,2026-03-25T07:00:00,0.3964,0
P100977,C126,757.36,UPI,REPEATED_DECLINE,2,0,58.9,28,2026-02-26T00:00:00,0.2593,0
P100978,C577,487.74,UPI,INSUFFICIENT_FUNDS,0,1,15.5,28,2026-03-28T14:00:00,0.5282,1
P100979,C380,915.64,CARD,EXPIRED_PAYMENT_METHOD,0,0,0.3,26,2026-02-04T22:00:00,0.7952,0
P100980,C477,622.59,NETBANKING,BANK_TECHNICAL_FAILURE,3,2,41.1,5,2026-01-20T20:00:00,0.5678,1
P100981,C335,5512.88,NETBANKING,BANK_TECHNICAL_FAILURE,3,2,25.1,18,2026-03-06T05:00:00,0.705,1
P100982,C392,4374.61,UPI,REPEATED_DECLINE,0,2,14.9,20,2026-03-02T00:00:00,0.2486,1
P100983,C325,373.22,UPI,BANK_TECHNICAL_FAILURE,2,1,12.0,14,2026-03-29T17:00:00,0.9029,0
P100984,C552,3844.3,CARD,INSUFFICIENT_FUNDS,3,2,6.5,13,2026-01-27T19:00:00,0.4906,0
P100985,C262,1476.94,WALLET,CUSTOMER_ABANDONMENT,0,1,5.1,16,2026-01-21T04:00:00,0.2201,1
P100986,C226,1498.91,CARD,UNKNOWN,0,0,38.7,27,2026-03-21T03:00:00,0.5722,1
P100987,C382,3925.6,CARD,REPEATED_DECLINE,3,1,1.2,27,2026-01-01T16:00:00,0.3387,1
P100988,C531,1946.46,WALLET,BANK_TECHNICAL_FAILURE,0,0,8.9,21,2026-03-02T20:00:00,0.7183,0
P100989,C176,22519.65,CARD,INSUFFICIENT_FUNDS,0,2,41.0,4,2026-01-14T04:00:00,0.4623,1
P100990,C306,549.16,WALLET,UNKNOWN,2,2,7.8,28,2026-01-29T14:00:00,0.2341,1
P100991,C145,1224.26,CARD,REPEATED_DECLINE,0,0,27.9,18,2026-03-20T13:00:00,0.3193,1
P100992,C169,2484.87,CARD,NETWORK_FAILURE,0,1,15.0,4,2026-03-27T08:00:00,0.97,1
P100993,C108,3004.72,WALLET,BANK_TECHNICAL_FAILURE,1,3,12.3,7,2026-02-07T21:00:00,0.743,1
P100994,C63,2477.36,CARD,INSUFFICIENT_FUNDS,2,1,20.9,26,2026-01-01T05:00:00,0.3369,0
P100995,C167,1025.95,CARD,BANK_TECHNICAL_FAILURE,2,3,7.0,22,2026-03-08T13:00:00,0.683,0
P100996,C365,1495.47,CARD,CUSTOMER_ABANDONMENT,0,1,3.6,26,2026-03-12T07:00:00,0.4519,1
P100997,C426,7421.0,CARD,INSUFFICIENT_FUNDS,1,1,9.0,29,2026-01-05T06:00:00,0.4345,1
P100998,C376,1217.74,EMI,UNKNOWN,3,1,12.9,3,2026-03-21T22:00:00,0.1734,0
P100999,C466,11771.33,EMI,BANK_TECHNICAL_FAILURE,3,0,14.6,23,2026-02-08T04:00:00,0.7856,1
